source_note,paper_title,authors,venue,year,source_pdf,is_seed_paper,reference_group,parent_seed_note_id,parent_seed_source_note,evidence_level,updated_at
papers/notes/2025-critical-analysis-dr-four-domains.md,A Critical Analysis of the Usage of Dimensionality Reduction in Four Domains,Dylan Cashman; Mark Keller; Hyeon Jeon; Bum Chul Kwon; Qianwen Wang,IEEE Transactions on Visualization and Computer Graphics,2025,papers/raw/A_Critical_Analysis_of_the_Usage_of_Dimensionality_Reduction_in_Four_Domains (12).pdf,true,,,papers/notes/2025-critical-analysis-dr-four-domains.md,high,2026-02-08
papers/notes/2025-jeon-reliable-va-survey.md,Unveiling High-dimensional Backstage: A Survey for Reliable Visual Analytics with Dimensionality Reduction,Hyeon Jeon; Hyunwook Lee; Yun-Hsin Kuo; Taehyun Yang; Daniel Archambault; Sungahn Ko; Takanori Fujiwara; Kwan-Liu Ma; Jinwook Seo,CHI 2025,2025,papers/raw/jeon25chi (4).pdf,true,,,papers/notes/2025-jeon-reliable-va-survey.md,high,2026-02-08
papers/notes/2506.08725v2-stop-misusing-tsne-umap.md,Stop Misusing t-SNE and UMAP for Visual Analytics,Hyeon Jeon,arXiv,2025,papers/raw/2506.08725v2.pdf,true,,,papers/notes/2506.08725v2-stop-misusing-tsne-umap.md,high,2026-02-08
papers/notes/2024-large-scale-text-spatialization.md,Large-Scale Evaluation of Topic Models and Dimensionality Reduction Methods for 2D Text Spatialization,Daniel Atzberger; Tim Cech; Matthias Trapp; Rico Richter; Willy Scheibel; Jürgen Döllner; Tobias Schreck,Computer Graphics Forum,2024,papers/raw/Large-Scale_Evaluation_of_Topic_Models_and_Dimensionality_Reduction_Methods_for_2D_Text_Spatialization.pdf,true,,,papers/notes/2024-large-scale-text-spatialization.md,high,2026-02-08
papers/notes/2023-zadu-library.md,ZADU: A Python Library for Evaluating the Reliability of Dimensionality Reduction Embeddings,"Hyeon Jeon, Aeri Cho, Jinhwa Jang, Soohyun Lee, Jake Hyun, Hyung-Kwon Ko, Jaemin Jo, Jinwook Seo",2023 IEEE Visualization and Visual Analytics (VIS),2023,papers/raw/ZADU_A_Python_Library_for_Evaluating_the_Reliability_of_Dimensionality_Reduction_Embeddings.pdf,true,,,papers/notes/2023-zadu-library.md,high,2026-02-08
papers/notes/2022-revisiting-dr-visual-cluster-analysis.md,Revisiting Dimensionality Reduction Techniques for Visual Cluster Analysis: An Empirical Study,Jiazhi Xia; Yuchen Zhang; Jie Song; Yang Chen; Yunhai Wang; Shixia Liu,IEEE Transactions on Visualization and Computer Graphics,2022,papers/raw/Revisiting_Dimensionality_Reduction_Techniques_for_Visual_Cluster_Analysis_An_Empirical_Study.pdf,true,,,papers/notes/2022-revisiting-dr-visual-cluster-analysis.md,high,2026-02-08
papers/notes/2021-quantitative-survey-dr-techniques.md,Toward a Quantitative Survey of Dimension Reduction Techniques,Mateus Espadoto; Rafael M. Martins; Auri S. Hirata; Alexandru C. Telea,IEEE Transactions on Visualization and Computer Graphics,2021,papers/raw/Toward_a_Quantitative_Survey_of_Dimension_Reduction_Techniques (1).pdf,true,,,papers/notes/2021-quantitative-survey-dr-techniques.md,high,2026-02-08
papers/notes/2020-kobak-initialization-tsne-umap.md,Initialization Is Critical for Preserving Global Data Structure in Both t-SNE and UMAP,Dmitry Kobak; George C. Linderman,Nature Biotechnology,2020,papers/raw/s41587-020-00809-z (5).pdf,true,,,papers/notes/2020-kobak-initialization-tsne-umap.md,high,2026-02-08
papers/notes/2019-mdp-visual-analytics-survey.md,"Multidimensional Projection for Visual Analytics: Linking Techniques with Distortions, Tasks, and Layout Enrichment",Luis Gustavo Nonato; Michael Aupetit,IEEE Transactions on Visualization and Computer Graphics,2019,papers/raw/Multidimensional_Projection_for_Visual_Analytics_Linking_Techniques_with_Distortions_Tasks_and_Layout_Enrichment (1).pdf,true,,,papers/notes/2019-mdp-visual-analytics-survey.md,high,2026-02-08
papers/notes/2019-spectral-overlap-quality-metrics.md,"Spectral Overlap and a Comparison of Parameter-Free, Dimensionality Reduction Quality Metrics",Jonathan Johannemann; Robert Tibshirani,arXiv,2019,papers/raw/1907.01974v2.pdf,true,,,papers/notes/2019-spectral-overlap-quality-metrics.md,high,2026-02-13
papers/notes/2017-random-projection-survey.md,A Survey of Dimensionality Reduction Techniques Based on Random Projection,Haozhe Xie; Jie Li; Hanqing Xue,arXiv,2017,papers/raw/1706.04371v4.pdf,true,,,papers/notes/2017-random-projection-survey.md,high,2026-02-08
papers/notes/2015-gisbrecht-nonlinear-dr-visualization.md,Data Visualization by Nonlinear Dimensionality Reduction,Andrej Gisbrecht; Barbara Hammer,WIREs Data Mining and Knowledge Discovery,2015,papers/raw/WIREs Data Min   Knowl - 2015 - Gisbrecht - Data visualization by nonlinear dimensionality reduction.pdf,true,,,papers/notes/2015-gisbrecht-nonlinear-dr-visualization.md,high,2026-02-08
papers/notes/2015-perception-based-projection-evaluation.md,Perception-Based Evaluation of Projection Methods for Multidimensional Data Visualization,Ronak Etemadpour; Robson Motta; Jose Gustavo de Souza Paiva; Rosane Minghim; Maria Cristina Ferreira de Oliveira; Lars Linsen,IEEE Transactions on Visualization and Computer Graphics,2015,papers/raw/Perception-Based_Evaluation_of_Projection_Methods_for_Multidimensional_Data_Visualization (1).pdf,true,,,papers/notes/2015-perception-based-projection-evaluation.md,high,2026-02-08
papers/notes/2014-brehmer-task-sequences.md,Visualizing Dimensionally-Reduced Data: Interviews with Analysts and a Characterization of Task Sequences,Matthew Brehmer; Michael Sedlmair; Stephen Ingram; Tamara Munzner,BELIV 2014,2014,papers/raw/2669557.2669559.pdf,true,,,papers/notes/2014-brehmer-task-sequences.md,high,2026-02-08
papers/notes/2014-sorzano-survey-dr-techniques.md,A Survey of Dimensionality Reduction Techniques,C.O.S. Sorzano; J. Vargas; A. Pascual-Montano,Information Sciences,2014,papers/raw/1403.2877v1.pdf,true,,,papers/notes/2014-sorzano-survey-dr-techniques.md,high,2026-02-08
papers/notes/2012-sedlmair-dr-in-the-wild.md,Dimensionality Reduction in the Wild: Gaps and Guidance,Michael Sedlmair; Matthew Brehmer; Stephen Ingram; Tamara Munzner,IEEE Transactions on Visualization and Computer Graphics,2012,papers/raw/sedlmair2012tr.pdf,true,,,papers/notes/2012-sedlmair-dr-in-the-wild.md,high,2026-02-08
papers/notes/2011-hamann-survey-dimension-reduction.md,A Survey of Dimension Reduction Methods for High-dimensional Data Analysis and Visualization,Daniel Engel; Lars Hüttenberger; Bernd Hamann,OASIcs VLUDS,2011,papers/raw/OASIcs.VLUDS.2011.135.pdf,true,,,papers/notes/2011-hamann-survey-dimension-reduction.md,medium,2026-02-13
papers/notes/2009-comparative-review-dr-techniques.md,Dimensionality Reduction: A Comparative Review,Laurens van der Maaten; Eric O. Postma; Jaap van den Herik,Technical Report,2009,papers/raw/Dimensionality_Reduction_A_Comparative_Review.pdf,true,,,papers/notes/2009-comparative-review-dr-techniques.md,high,2026-02-08
papers/notes/pending-ref-054-a-large-scale-sensitivity-analysis-on-latent-embeddings-an.md,A Large-Scale Sensitivity Analysis on Latent Embeddings and Dimensionality Reductions for Text Spatializations,"D. Atzberger, T. Cech, W. Scheibel, J. Döllner, M. Behrisch, and T. Schreck",IEEE Transactions on Visualization and Computer Graphics,2025,papers/raw/pending-references/pending-ref-054-2025-a-large-scale-sensitivity-analysis-on-latent-embeddings-and-dimensionality-reductions.pdf,false,pending-references,paper-2025-critical-analysis-dr-four-domains,papers/notes/2025-critical-analysis-dr-four-domains.md,medium,2026-02-08
papers/notes/pending-ref-118-understanding-bias-in-perceiving-dimensionality-reduction.md,Understanding Bias in Perceiving Dimensionality Reduction Projections,"Seoyoung Doh, Hyeon Jeon, Sungbok Shin, Ghulam Jilani Quadri, Nam Wook Kim, and Jinwook Seo",UNKNOWN,2025,papers/raw/pending-references/pending-ref-118-2025-understanding-bias-in-perceiving-dimensionality-reduction-projections.pdf,false,pending-references,paper-2025-stop-misusing-tsne-umap,papers/notes/2506.08725v2-stop-misusing-tsne-umap.md,medium,2026-02-08
papers/notes/pending-ref-142-umato-bridging-local-and-global-structures-for-reliable-vi.md,UMATO: Bridging Local and Global Structures for Reliable Visual Analytics With Dimensionality Reduction,"Hyeon Jeon, Kwon Ko, Soohyun Lee, Jake Hyun, Taehyun Yang, Gyehun Go, Jaemin Jo, and Jinwook Seo",IEEE Transactions on Visualization and Computer Graphics,2025,papers/raw/pending-references/pending-ref-142-2025-umato-bridging-local-and-global-structures-for-reliable-visual-analytics-with-dimensi.pdf,false,pending-references,paper-2025-stop-misusing-tsne-umap,papers/notes/2506.08725v2-stop-misusing-tsne-umap.md,medium,2026-02-08
papers/notes/zadu-ref-03-2408-07724v2.md,Normalized Stress is Not Normalized: How to Interpret Stress Correctly,Kiran Smelser; Jacob Miller; Stephen Kobourov,IEEE BELIV Workshop (preprint version),2025,papers/raw/zadu-table1-references/2408.07724v2.pdf,false,zadu-table1-references,paper-2023-zadu-library,papers/notes/2023-zadu-library.md,high,2026-02-13
papers/notes/zadu-ref-04-2510-08660v1.md,How Scale Breaks Normalized Stress and KL Divergence: Rethinking Quality Metrics,Kiran Smelser; Kaviru Gunaratne; Jacob Miller; Stephen Kobourov,IEEE Transactions on Visualization and Computer Graphics (preprint),2025,papers/raw/zadu-table1-references/2510.08660v1.pdf,false,zadu-table1-references,paper-2023-zadu-library,papers/notes/2023-zadu-library.md,high,2026-02-13
papers/notes/pending-ref-070-interpreting-high-dimensional-projections-with-capacity.md,Interpreting High-Dimensional Projections With Capacity,"Yang Zhang, Jisheng Liu, Chufan Lai, Yuan Zhou, and Siming Chen",Proceedings of the IEEE,2024,papers/raw/pending-references/pending-ref-070-2024-interpreting-high-dimensional-projections-with-capacity.pdf,false,pending-references,paper-2025-jeon-reliable-va-survey,papers/notes/2025-jeon-reliable-va-survey.md,medium,2026-02-08
papers/notes/pending-ref-099-clams-a-cluster-ambiguity-measure-for-estimating-perceptua.md,CLAMS: A Cluster Ambiguity Measure for Estimating Perceptual Variability in Visual Clustering,"Hyeon Jeon, Ghulam Jilani Quadri, Hyunwook Lee, Paul Rosen, Danielle Albers Szafir, and Jinwook Seo",IEEE Transactions on Visualization and Computer Graphics,2024,papers/raw/pending-references/pending-ref-099-2024-clams-a-cluster-ambiguity-measure-for-estimating-perceptual-variability-in-visual-clu.pdf,false,pending-references,paper-2025-jeon-reliable-va-survey,papers/notes/2025-jeon-reliable-va-survey.md,medium,2026-02-08
papers/notes/pending-ref-111-the-art-of-seeing-the-elephant-in-the-room-2d-embeddings-o.md,The art of seeing the elephant in the room: 2D embeddings of single-cell data do make sense,"Jan Lause, Philipp Berens, and Dmitry Kobak",UNKNOWN,2024,papers/raw/pending-references/pending-ref-111-2024-the-art-of-seeing-the-elephant-in-the-room-2d-embeddings-of-single-cell-data-do-make.pdf,false,pending-references,paper-2025-stop-misusing-tsne-umap,papers/notes/2506.08725v2-stop-misusing-tsne-umap.md,medium,2026-02-08
papers/notes/pending-ref-129-ens-t-sne-embedding-neighborhoods-simultaneously-t-sne.md,ENS-t-SNE: Embedding Neighborhoods Simultaneously t-SNE,"Jacob Miller, Vahan Huroyan, Raymundo Navarrete, Md Iqbal Hossain, and Stephen Kobourov",2024 IEEE 17th Pacific Visualization Conference (PacificVis),2024,papers/raw/pending-references/pending-ref-129-2024-ens-t-sne-embedding-neighborhoods-simultaneously-t-sne.pdf,false,pending-references,paper-2025-stop-misusing-tsne-umap,papers/notes/2506.08725v2-stop-misusing-tsne-umap.md,medium,2026-02-08
papers/notes/pending-ref-130-mountaineer-topology-driven-visual-analytics-for-comparing.md,Mountaineer: Topology-Driven Visual Analytics for Comparing Local Explanations,"Parikshit Solunke, Vitoria Guardieiro, João Rulff, Peter Xenopoulos, Gromit YeukYin Chan, Brian Barr, Luis Gustavo Nonato, and Claudio Silva",IEEE Transactions on Visualization and Computer Graphics,2024,papers/raw/pending-references/pending-ref-130-2024-mountaineer-topology-driven-visual-analytics-for-comparing-local-explanations.pdf,false,pending-references,paper-2025-stop-misusing-tsne-umap,papers/notes/2506.08725v2-stop-misusing-tsne-umap.md,medium,2026-02-08
papers/notes/zadu-ref-11-jeon23tvcg-4.md,Classes are not Clusters: Improving Label-based Evaluation of Dimensionality Reduction,Hyeon Jeon; Yun-Hsin Kuo; Michael Aupetit; Kwan-Liu Ma; Jinwook Seo,IEEE Transactions on Visualization and Computer Graphics,2024,papers/raw/zadu-table1-references/jeon23tvcg (4).pdf,false,zadu-table1-references,paper-2023-zadu-library,papers/notes/2023-zadu-library.md,high,2026-02-13
papers/notes/pending-ref-015-feature-learning-for-nonlinear-dimensionality-reduction-to.md,Feature Learning for Nonlinear Dimensionality Reduction toward Maximal Extraction of Hidden Patterns,"Takanori Fujiwara, Yun-Hsin Kuo, Anders Ynnerman, and Kwan-Liu Ma",2023 IEEE 16th Pacific Visualization Symposium (PacificVis),2023,papers/raw/pending-references/pending-ref-015-2023-feature-learning-for-nonlinear-dimensionality-reduction-toward-maximal-extraction-of.pdf,false,pending-references,paper-2023-zadu-library,papers/notes/2023-zadu-library.md,medium,2026-02-08
papers/notes/pending-ref-053-analyzing-quality-measurements-for-dimensionality-reductio.md,Analyzing quality measurements for dimensionality reduction,"M. C. Thrun, J. Märte, and Q. Stier",Proceedings of the IEEE,2023,papers/raw/pending-references/pending-ref-053-2023-analyzing-quality-measurements-for-dimensionality-reduction.pdf,false,pending-references,paper-2025-critical-analysis-dr-four-domains,papers/notes/2025-critical-analysis-dr-four-domains.md,medium,2026-02-08
papers/notes/pending-ref-065-predicting-user-preferences-of-dimensionality-reduction-em.md,Predicting User Preferences of Dimensionality Reduction Embedding Quality,"Cristina Morariu, Adrien Bibal, Rene Cutura, Benoît Frénay, and Michael Sedlmair",IEEE Transactions on Visualization and Computer Graphics,2023,papers/raw/pending-references/pending-ref-065-2023-predicting-user-preferences-of-dimensionality-reduction-embedding-quality.pdf,false,pending-references,paper-2025-jeon-reliable-va-survey,papers/notes/2025-jeon-reliable-va-survey.md,medium,2026-02-08
papers/notes/pending-ref-120-how-can-we-improve-data-quality-for-machine-learning-a-vis.md,How Can We Improve Data Quality for Machine Learning? A Visual Analytics System using Data and Process-driven Strategies,"Hyein Hong, Sangbong Yoo, Yejin Jin, and Yun Jang",Systematic Reviews,2023,papers/raw/pending-references/pending-ref-120-2023-how-can-we-improve-data-quality-for-machine-learning-a-visual-analytics-system-using.pdf,false,pending-references,paper-2025-stop-misusing-tsne-umap,papers/notes/2506.08725v2-stop-misusing-tsne-umap.md,medium,2026-02-08
papers/notes/pending-ref-143-v-a-embeddings-star-a-state-of-the-art-report-on-the-use-o.md,V a embeddings star: A state-of-the-art report on the use of embeddings in visual analytics,"Z. Huang, D. Witschard, K. Kucher, and A. Kerren",Journal of Physics: Condensed Matter,2023,papers/raw/pending-references/pending-ref-143-2023-v-a-embeddings-star-a-state-of-the-art-report-on-the-use-of-embeddings-in-visual-anal.pdf,false,pending-references,paper-2025-critical-analysis-dr-four-domains,papers/notes/2025-critical-analysis-dr-four-domains.md,medium,2026-02-08
papers/notes/pending-ref-166-projection-ensemble-visualizing-the-robust-structures-of-m.md,Projection Ensemble: Visualizing the Robust Structures of Multidimensional Projections,"Myeongwon Jung, Jiwon Choi, and Jaemin Jo",2023 IEEE Visualization and Visual Analytics (VIS),2023,papers/raw/pending-references/pending-ref-166-2023-projection-ensemble-visualizing-the-robust-structures-of-multidimensional-projections.pdf,false,pending-references,paper-2025-jeon-reliable-va-survey,papers/notes/2025-jeon-reliable-va-survey.md,medium,2026-02-08
papers/notes/zadu-ref-15-ref10-feature-learning-for-nonlinear-dimensionality-reduction-toward-maximal-ext.md,Feature Learning for Nonlinear Dimensionality Reduction toward Maximal Extraction of Hidden Patterns,Takanori Fujiwara; Yun-Hsin Kuo; Anders Ynnerman; Kwan-Liu Ma,IEEE Pacific Visualization Symposium (PacificVis),2023,papers/raw/zadu-table1-references/ref10_feature_learning_for_nonlinear_dimensionality_reduction_toward_maximal_extraction_of_hid.pdf,false,zadu-table1-references,paper-2023-zadu-library,papers/notes/2023-zadu-library.md,high,2026-02-13
papers/notes/pending-extra-s13042-021-01307-7-s13042-021-01307-7.md,Multi-view data clustering via non-negative matrix factorization with manifold regularization,"Ghufran Ahmad Khan, Jie Hu, Tianrui Li, Bassoma Diallo, Hongjun Wang",International Journal of Machine Learning and Cybernetics,2022,papers/raw/pending-references/s13042-021-01307-7.pdf,false,pending-references,paper-2025-jeon-reliable-va-survey,papers/notes/2025-jeon-reliable-va-survey.md,medium,2026-02-08
papers/notes/pending-ref-009-uniform-manifold-approximation-with-two-phase-optimization.md,Uniform manifold approximation with two-phase optimization,"H. Jeon, H.-K. Ko, S. Lee, J. Jo, and J. Seo",2022 IEEE Visualization and Visual Analytics (VIS),2022,papers/raw/pending-references/pending-ref-009-2022-uniform-manifold-approximation-with-two-phase-optimization.pdf,false,pending-references,paper-2023-zadu-library,papers/notes/2023-zadu-library.md,medium,2026-02-08
papers/notes/pending-ref-030-interactive-dimensionality-reduction-for-comparative-analy.md,Interactive Dimensionality Reduction for Comparative Analysis,"Takanori Fujiwara, Xinhai Wei, Jian Zhao, and Kwan-Liu Ma",IEEE Transactions on Visualization and Computer Graphics,2022,papers/raw/pending-references/pending-ref-030-2022-interactive-dimensionality-reduction-for-comparative-analysis.pdf,false,pending-references,paper-2024-large-scale-text-spatialization,papers/notes/2024-large-scale-text-spatialization.md,medium,2026-02-08
papers/notes/pending-ref-031-interactive-visual-cluster-analysis-by-contrastive-dimensi.md,Interactive Visual Cluster Analysis by Contrastive Dimensionality Reduction,"Jiazhi Xia, Linquan Huang, Weixing Lin, Xin Zhao, Jing Wu, Yang Chen, Ying Zhao, and Wei Chen",IEEE Transactions on Visualization and Computer Graphics,2022,papers/raw/pending-references/pending-ref-031-2022-interactive-visual-cluster-analysis-by-contrastive-dimensionality-reduction.pdf,false,pending-references,paper-2024-large-scale-text-spatialization,papers/notes/2024-large-scale-text-spatialization.md,medium,2026-02-08
papers/notes/pending-ref-052-distortion-aware-brushing-for-interactive-cluster-analysis.md,Distortion-Aware Brushing for Reliable Cluster Analysis in Multidimensional Projections,"Hyeon Jeon, Michael Aupetit, Soohyun Lee, Hyung-Kwon Ko, Youngtaek Kim, and Jinwook Seo",IEEE Transactions on Visualization and Computer Graphics,2022,papers/raw/pending-references/pending-ref-052-2022-distortion-aware-brushing-for-interactive-cluster-analysis-in-multidimensional-projec.pdf,false,pending-references,paper-2025-jeon-reliable-va-survey,papers/notes/2025-jeon-reliable-va-survey.md,medium,2026-02-08
papers/notes/pending-ref-055-hypernp-interactive-visual-exploration-of-multidimensional.md,HyperNP: Interactive Visual Exploration of Multidimensional Projection Hyperparameters,"G. Appleby, M. Espadoto, R. Chen, S. Goree, A. C. Telea, E. W. Anderson, and R. Chang",Computer Graphics Forum,2022,papers/raw/pending-references/pending-ref-055-2022-hypernp-interactive-visual-exploration-of-multidimensional-projection-hyperparameters.pdf,false,pending-references,paper-2024-large-scale-text-spatialization,papers/notes/2024-large-scale-text-spatialization.md,medium,2026-02-08
papers/notes/pending-ref-101-trimap-large-scale-dimensionality-reduction-using-triplets.md,TriMap: Large-scale Dimensionality Reduction Using Triplets,Ehsan Amid and Manfred K. Warmuth,UNKNOWN,2022,papers/raw/pending-references/pending-ref-101-2022-trimap-large-scale-dimensionality-reduction-using-triplets.pdf,false,pending-references,paper-2025-stop-misusing-tsne-umap,papers/notes/2506.08725v2-stop-misusing-tsne-umap.md,medium,2026-02-08
papers/notes/pending-ref-138-distortionaware-brushing-for-interactive-cluster-analysis.md,Distortionaware brushing for interactive cluster analysis in multidimensional projections,"H. Jeon, M. Aupetit, S. Lee, H.-K. Ko, Y . Kim, and J. Seo",IEEE Transactions on Visualization and Computer Graphics,2022,papers/raw/pending-references/pending-ref-138-2022-distortionaware-brushing-for-interactive-cluster-analysis-in-multidimensional-project.pdf,false,pending-references,paper-2025-critical-analysis-dr-four-domains,papers/notes/2025-critical-analysis-dr-four-domains.md,medium,2026-02-08
papers/notes/pending-ref-167-a-survey-of-perception-based-visualization-studies-by-task.md,A Survey of Perception-Based Visualization Studies by Task,Ghulam Jilani Quadri and Paul Rosen,IEEE Transactions on Visualization and Computer Graphics,2022,papers/raw/pending-references/pending-ref-167-2022-a-survey-of-perception-based-visualization-studies-by-task.pdf,false,pending-references,paper-2025-jeon-reliable-va-survey,papers/notes/2025-jeon-reliable-va-survey.md,medium,2026-02-08
papers/notes/pending-ref-168-visexpres-a-visual-interactive-toolkit-for-user-driven-eva.md,VisExPreS: A Visual Interactive Toolkit for User-Driven Evaluations of Embeddings,"Aindrila Ghosh, Mona Nashaat, James Miller, and Shaikh Quader",IEEE Transactions on Visualization and Computer Graphics,2022,papers/raw/pending-references/pending-ref-168-2022-visexpres-a-visual-interactive-toolkit-for-user-driven-evaluations-of-embeddings.pdf,false,pending-references,paper-2025-jeon-reliable-va-survey,papers/notes/2025-jeon-reliable-va-survey.md,medium,2026-02-08
papers/notes/pending-extra-s40537-021-00444-8-s40537-021-00444-8.md,"Review of deep learning: concepts, CNN architectures, challenges, applications, future directions","Laith Alzubaidi, Jinglan Zhang, Amjad J. Humaidi, Ayad Al-Dujaili, Ye Duan, Omran Al-Shamma, J. Santamaría, Mohammed A. Fadhel, Muthana Al-Amidie, Laith Farhan",Journal of Big Data,2021,papers/raw/pending-references/s40537-021-00444-8.pdf,false,pending-references,paper-2025-jeon-reliable-va-survey,papers/notes/2025-jeon-reliable-va-survey.md,medium,2026-02-08
papers/notes/pending-ref-039-assessing-singlecell-transcriptomic-variability-through-de.md,Assessing singlecell transcriptomic variability through density-preserving data visualization,"Ashwin Narayan, Bonnie Berger, and Hyunghoon Cho",Molecular Systems Biology,2021,papers/raw/pending-references/pending-ref-039-2021-assessing-singlecell-transcriptomic-variability-through-density-preserving-data-visua.pdf,false,pending-references,paper-2025-jeon-reliable-va-survey,papers/notes/2025-jeon-reliable-va-survey.md,medium,2026-02-08
papers/notes/pending-ref-091-guided-stable-dynamic-projections.md,Guided Stable Dynamic Projections,"E. F. V ernier, J. L. D. Comba, and A. C. Telea",Computer Graphics Forum,2021,papers/raw/pending-references/pending-ref-091-2021-guided-stable-dynamic-projections.pdf,false,pending-references,paper-2024-large-scale-text-spatialization,papers/notes/2024-large-scale-text-spatialization.md,medium,2026-02-08
papers/notes/pending-ref-104-implicit-multidimensional-projection-of-local-subspaces.md,Implicit Multidimensional Projection of Local Subspaces,"Rongzheng Bian, Yumeng Xue, Liang Zhou, Jian Zhang, Baoquan Chen, Daniel Weiskopf, and Yunhai Wang",IEEE Transactions on Visualization and Computer Graphics,2021,papers/raw/pending-references/pending-ref-104-2021-implicit-multidimensional-projection-of-local-subspaces.pdf,false,pending-references,paper-2025-jeon-reliable-va-survey,papers/notes/2025-jeon-reliable-va-survey.md,medium,2026-02-08
papers/notes/pending-ref-121-understanding-how-dimension-reduction-tools-work-an-empiri.md,"Understanding How Dimension Reduction Tools Work: An Empirical Approach to Deciphering t-SNE, UMAP, TriMap, and PaCMAP for Data Visualization","Yingfan Wang, Haiyang Huang, Cynthia Rudin, and Yaron Shaposhnik",UNKNOWN,2021,papers/raw/pending-references/pending-ref-121-2021-understanding-how-dimension-reduction-tools-work-an-empirical-approach-to-deciphering.pdf,false,pending-references,paper-2025-stop-misusing-tsne-umap,papers/notes/2506.08725v2-stop-misusing-tsne-umap.md,medium,2026-02-08
papers/notes/pending-ref-144-a-survey-of-visual-analytics-techniques-for-machine-learni.md,A survey of visual analytics techniques for machine learning,"J. Y uan, C. Chen, W. Y ang, M. Liu, J. Xia, and S. Liu",Computational Visual Media,2021,papers/raw/pending-references/pending-ref-144-2021-a-survey-of-visual-analytics-techniques-for-machine-learning.pdf,false,pending-references,paper-2022-revisiting-dr-visual-cluster-analysis,papers/notes/2022-revisiting-dr-visual-cluster-analysis.md,medium,2026-02-08
papers/notes/pending-ref-169-horopca-hyperbolic-dimensionality-reduction-via-horospheri.md,HoroPCA: Hyperbolic Dimensionality Reduction via Horospherical Projections,"Ines Chami, Albert Gu, Dat P Nguyen, and Christopher Re",UNKNOWN,2021,papers/raw/pending-references/pending-ref-169-2021-horopca-hyperbolic-dimensionality-reduction-via-horospherical-projections.pdf,false,pending-references,paper-2025-jeon-reliable-va-survey,papers/notes/2025-jeon-reliable-va-survey.md,medium,2026-02-08
papers/notes/pending-ref-170-using-multiple-attribute-based-explanations-of-multidimens.md,Using multiple attribute-based explanations of multidimensional projections to explore high-dimensional data,"Zonglin Tian, Xiaorui Zhai, Daan van Driel, Gijs van Steenpaal, Mateus Espadoto, and Alexandru Telea",Frontiers in Systems Neuroscience,2021,papers/raw/pending-references/pending-ref-170-2021-using-multiple-attribute-based-explanations-of-multidimensional-projections-to-explor.pdf,false,pending-references,paper-2025-jeon-reliable-va-survey,papers/notes/2025-jeon-reliable-va-survey.md,medium,2026-02-08
papers/notes/zadu-ref-18-ref18-measuring-and-explaining-the-inter-cluster-reliability-of-multidimensional.md,Measuring and Explaining the Inter-Cluster Reliability of Multidimensional Projections,Hyeon Jeon; Hyung-Kwon Ko; Jaemin Jo; Youngtaek Kim; Jinwook Seo,IEEE Transactions on Visualization and Computer Graphics,2021,papers/raw/zadu-table1-references/ref18_measuring_and_explaining_the_inter_cluster_reliability_of_multidimensional_projections.pdf,false,zadu-table1-references,paper-2023-zadu-library,papers/notes/2023-zadu-library.md,high,2026-02-13
papers/notes/zadu-ref-19-ref42-a-comparison-for-dimensionality-reduction-methods-of-single-cell-rna-seq-d.md,A Comparison for Dimensionality Reduction Methods of Single-Cell RNA-seq Data,Ruizhi Xiang; Wencan Wang; Lei Yang; Shiyuan Wang; Chaohan Xu; Xiaowen Chen,Frontiers in Genetics,2021,papers/raw/zadu-table1-references/ref42_a_comparison_for_dimensionality_reduction_methods_of_single_cell_rna_seq_data.pdf,false,zadu-table1-references,paper-2023-zadu-library,papers/notes/2023-zadu-library.md,high,2026-02-13
papers/notes/pending-ref-026-umap-uniform-manifold-approximation-and-projection-for-dim.md,UMAP: Uniform Manifold Approximation and Projection for Dimension Reduction,"Leland McInnes, John Healy, and James Melville",Journal of Open Source Software,2020,papers/raw/pending-references/pending-ref-026-2020-umap-uniform-manifold-approximation-and-projection-for-dimension-reduction.pdf,false,pending-references,paper-2021-quantitative-survey-dr-techniques,papers/notes/2021-quantitative-survey-dr-techniques.md,medium,2026-02-08
papers/notes/pending-ref-040-tvisne-interactive-assessment-and-interpretation-of-t-sne.md,t-viSNE: Interactive Assessment and Interpretation of t-SNE Projections,"Angelos Chatzimparmpas, Rafael M. Martins, and Andreas Kerren",IEEE Transactions on Visualization and Computer Graphics,2020,papers/raw/pending-references/pending-ref-040-2020-tvisne-interactive-assessment-and-interpretation-of-t-sne-projections.pdf,false,pending-references,paper-2025-jeon-reliable-va-survey,papers/notes/2025-jeon-reliable-va-survey.md,medium,2026-02-08
papers/notes/pending-ref-041-quantitative-evaluation-of-time-dependent-multidimensional.md,Quantitative evaluation of time-dependent multidimensional projection techniques,"E. F. V ernier, R. Garcia, I. d. Silva, J. L. D. Comba, and A. C. Telea",Computer Graphics Forum,2020,papers/raw/pending-references/pending-ref-041-2020-quantitative-evaluation-of-time-dependent-multidimensional-projection-techniques.pdf,false,pending-references,paper-2022-revisiting-dr-visual-cluster-analysis,papers/notes/2022-revisiting-dr-visual-cluster-analysis.md,medium,2026-02-08
papers/notes/pending-ref-056-selecting-and-sharing-multidimensional-projection-algorith.md,Selecting and Sharing Multidimensional Projection Algorithms: A Practical View,"Mateus Espadoto, Eduardo Faccin Vernier, and Alexandru Telea",UNKNOWN,2020,papers/raw/pending-references/pending-ref-056-2020-selecting-and-sharing-multidimensional-projection-algorithms-a-practical-view.pdf,false,pending-references,paper-2024-large-scale-text-spatialization,papers/notes/2024-large-scale-text-spatialization.md,medium,2026-02-08
papers/notes/pending-ref-077-assessing-single-cell-transcriptomic-variability-through-d.md,Assessing single-cell transcriptomic variability through density-preserving data visualization,"A. Narayan, B. Berger, and H. Cho",Nature Biotechnology,2020,papers/raw/pending-references/pending-ref-077-2020-assessing-single-cell-transcriptomic-variability-through-density-preserving-data-visu.pdf,false,pending-references,paper-2022-revisiting-dr-visual-cluster-analysis,papers/notes/2022-revisiting-dr-visual-cluster-analysis.md,medium,2026-02-08
papers/notes/pending-ref-110-comparing-and-exploring-high-dimensional-data-with-dimensi.md,Comparing and Exploring High-Dimensional Data with Dimensionality Reduction Algorithms and Matrix Visualizations,"Rene Cutura, Michaël Aupetit, Jean-Daniel Fekete, and Michael Sedlmair",Proceedings of the International Conference on Advanced Visual Interfaces,2020,papers/raw/pending-references/pending-ref-110-2020-comparing-and-exploring-high-dimensional-data-with-dimensionality-reduction-algorithm.pdf,false,pending-references,paper-2025-jeon-reliable-va-survey,papers/notes/2025-jeon-reliable-va-survey.md,medium,2026-02-08
papers/notes/pending-ref-113-t-visne-interactive-assessment-and-interpretation-of-t-sne.md,t-viSNE: Interactive Assessment and Interpretation of t-SNE Projections,"A. Chatzimparmpas, R. M. Martins, and A. Kerren",IEEE Transactions on Visualization and Computer Graphics,2020,papers/raw/pending-references/pending-ref-113-2020-t-visne-interactive-assessment-and-interpretation-of-t-sne-projections.pdf,false,pending-references,paper-2022-revisiting-dr-visual-cluster-analysis,papers/notes/2022-revisiting-dr-visual-cluster-analysis.md,medium,2026-02-08
papers/notes/pending-ref-145-deep-learning-multidimensional-projections.md,Deep learning multidimensional projections,"M. Espadoto, N. S. T. Hirata, and A. C. Telea",Information Visualization,2020,papers/raw/pending-references/pending-ref-145-2020-deep-learning-multidimensional-projections.pdf,false,pending-references,paper-2024-large-scale-text-spatialization,papers/notes/2024-large-scale-text-spatialization.md,medium,2026-02-08
papers/notes/pending-ref-146-progressive-uniform-manifold-approximation-and-projection.md,Progressive Uniform Manifold Approximation and Projection,"Hyung-Kwon Ko, Jaemin Jo, and Jinwook Seo",Nature Reviews Methods Primers,2020,papers/raw/pending-references/pending-ref-146-2020-progressive-uniform-manifold-approximation-and-projection.pdf,false,pending-references,paper-2025-stop-misusing-tsne-umap,papers/notes/2506.08725v2-stop-misusing-tsne-umap.md,medium,2026-02-08
papers/notes/pending-ref-147-t-distributed-stochastic-neighbor-embedding-t-sne-a-tool-f.md,t-Distributed Stochastic Neighbor Embedding (t-SNE): A tool for eco-physiological transcriptomic analysis,"M. C. Cieslak, A. M. Castelfranco, V . Roncalli, P . H. Lenz, and D. K. Hartline",Marine Genomics,2020,papers/raw/pending-references/pending-ref-147-2020-t-distributed-stochastic-neighbor-embedding-t-sne-a-tool-for-eco-physiological-transc.pdf,false,pending-references,paper-2025-critical-analysis-dr-four-domains,papers/notes/2025-critical-analysis-dr-four-domains.md,medium,2026-02-08
papers/notes/pending-ref-148-with-respect-to-what-simultaneous-interaction-with-dimensi.md,With Respect to What? Simultaneous Interaction with Dimension Reduction and Clustering Projections,"John Wenskovitch, Michelle Dowling, and Chris North",The Annals of Statistics,2020,papers/raw/pending-references/pending-ref-148-2020-with-respect-to-what-simultaneous-interaction-with-dimension-reduction-and-clustering.pdf,false,pending-references,paper-2025-jeon-reliable-va-survey,papers/notes/2025-jeon-reliable-va-survey.md,medium,2026-02-08
papers/notes/pending-ref-161-steering-distortions-to-preserve-classes-and-neighbors-in.md,Steering Distortions to Preserve Classes and Neighbors in Supervised Dimensionality Reduction,"Benoît Colange, Jaakko Peltonen, Michael Aupetit, Denys Dutykh, and Sylvain Lespinats",UNKNOWN,2020,papers/raw/pending-references/pending-ref-161-2020-steering-distortions-to-preserve-classes-and-neighbors-in-supervised-dimensionality-r.pdf,false,pending-references,paper-2025-jeon-reliable-va-survey,papers/notes/2025-jeon-reliable-va-survey.md,medium,2026-02-08
papers/notes/zadu-ref-14-ref06-steering-distortions-to-preserve-classes-and-neighbors-in-supervised-dimen.md,Steering Distortions to Preserve Classes and Neighbors in Supervised Dimensionality Reduction,Benoit Colange; Jaakko Peltonen; Michael Aupetit; Denys Dutykh; Sylvain Lespinats,Advances in Neural Information Processing Systems (NeurIPS),2020,papers/raw/zadu-table1-references/ref06_steering_distortions_to_preserve_classes_and_neighbors_in_supervised_dimensionality_reduct.pdf,false,zadu-table1-references,paper-2023-zadu-library,papers/notes/2023-zadu-library.md,high,2026-02-13
papers/notes/pending-extra-72608-72608.md,Visual Analytics of Multidimensional Projections for Constructing Classifier Decision Boundary Maps,"Mateus Espadoto, Francisco Rodrigues, Alexandru Telea","Proceedings of the 14th International Joint Conference on Computer Vision, Imaging and Computer Graphics Theory and Applications",2019,papers/raw/pending-references/72608.pdf,false,pending-references,paper-2025-jeon-reliable-va-survey,papers/notes/2025-jeon-reliable-va-survey.md,medium,2026-02-08
papers/notes/pending-ref-032-dimensionality-reduction-for-visualizing-single-cell-data.md,Dimensionality reduction for visualizing single-cell data using UMAP,E. Becht et al,Nature Biotechnology,2019,papers/raw/pending-references/pending-ref-032-2019-dimensionality-reduction-for-visualizing-single-cell-data-using-umap.pdf,false,pending-references,paper-2022-revisiting-dr-visual-cluster-analysis,papers/notes/2022-revisiting-dr-visual-cluster-analysis.md,medium,2026-02-08
papers/notes/pending-ref-049-dimreader-axis-lines-that-explain-non-linear-projections.md,DimReader: Axis lines that explain non-linear projections,"R. Faust, D. Glickenstein, and C. Scheidegger",IEEE Transactions on Visualization and Computer Graphics,2019,papers/raw/pending-references/pending-ref-049-2019-dimreader-axis-lines-that-explain-non-linear-projections.pdf,false,pending-references,paper-2025-critical-analysis-dr-four-domains,papers/notes/2025-critical-analysis-dr-four-domains.md,medium,2026-02-08
papers/notes/pending-ref-098-interpreting-distortions-in-dimensionality-reduction-by-su.md,Interpreting Distortions in Dimensionality Reduction by Superimposing Neighbourhood Graphs,"Benoît Colange, Laurent Vuillon, Sylvain Lespinats, and Denys Dutykh",2019 IEEE Visualization Conference (VIS),2019,papers/raw/pending-references/pending-ref-098-2019-interpreting-distortions-in-dimensionality-reduction-by-superimposing-neighbourhood-g.pdf,false,pending-references,paper-2025-jeon-reliable-va-survey,papers/notes/2025-jeon-reliable-va-survey.md,medium,2026-02-08
papers/notes/pending-ref-171-solarview-low-distortion-radial-embedding-with-a-focus.md,SolarView: Low Distortion Radial Embedding with a Focus,"Thom Castermans, Kevin Verbeek, Bettina Speckmann, Michel A. Westenberg, Rob Koopman, Shenghui Wang, Hein van den Berg, and Arianna Betti",IEEE Transactions on Visualization and Computer Graphics,2019,papers/raw/pending-references/pending-ref-171-2019-solarview-low-distortion-radial-embedding-with-a-focus.pdf,false,pending-references,paper-2025-jeon-reliable-va-survey,papers/notes/2025-jeon-reliable-va-survey.md,medium,2026-02-08
papers/notes/pending-ref-007-a-perception-driven-approach-to-supervised-dimensionality.md,A Perception-Driven Approach to Supervised Dimensionality Reduction for Visualization,"Yunhai Wang, Kang Feng, Xiaowei Chu, Jian Zhang, Chi-Wing Fu, Michael Sedlmair, Xiaohui Yu, and Baoquan Chen",Frontiers in Systems Neuroscience,2018,papers/raw/pending-references/pending-ref-007-2018-a-perception-driven-approach-to-supervised-dimensionality-reduction-for-visualization.pdf,false,pending-references,paper-2019-mdp-visual-analytics-survey,papers/notes/2019-mdp-visual-analytics-survey.md,medium,2026-02-08
papers/notes/pending-ref-024-viscoder-a-tool-for-visually-comparing-dimensionality-redu.md,VisCoDeR: A tool for visually comparing dimensionality reduction algorithms,"René Cutura, Stefan Holzer, Michaël Aupetit, and Michael Sedlmair",UNKNOWN,2018,papers/raw/pending-references/pending-ref-024-2018-viscoder-a-tool-for-visually-comparing-dimensionality-reduction-algorithms.pdf,false,pending-references,paper-2019-mdp-visual-analytics-survey,papers/notes/2019-mdp-visual-analytics-survey.md,medium,2026-02-08
papers/notes/pending-ref-057-quality-metrics-for-information-visualization.md,Quality Metrics for Information Visualization,"M. Behrisch, M. Blumenschein, N. W. Kim, L. Shao, M. El-Assady, J. Fuchs, D. Seebacher, A. Diehl, U. Brandes, H. Pfister, T. Schreck, D. Weiskopf, and D. A. Keim",Computer Graphics Forum,2018,papers/raw/pending-references/pending-ref-057-2018-quality-metrics-for-information-visualization.pdf,false,pending-references,paper-2024-large-scale-text-spatialization,papers/notes/2024-large-scale-text-spatialization.md,medium,2026-02-08
papers/notes/pending-ref-108-dimred-and-coranking-unifying-dimensionality-reduction-in.md,dimRed and coRanking—Unifying Dimensionality Reduction in R,"G. Kraemer, M. Reichstein, and M. D. Mahecha",The R Journal,2018,papers/raw/pending-references/pending-ref-108-2018-dimred-and-coranking-unifying-dimensionality-reduction-in-r.pdf,false,pending-references,paper-2023-zadu-library,papers/notes/2023-zadu-library.md,medium,2026-02-08
papers/notes/pending-ref-109-evaluating-multi-dimensional-visualizations-for-understand.md,Evaluating multi-dimensional visualizations for understanding fuzzy clusters,"Y . Zhao, F. Luo, M. Chen, Y . Wang, J. Xia, F. Zhou, Y . Wang, Y . Chen, and W. Chen",BMC Bioinformatics,2018,papers/raw/pending-references/pending-ref-109-2018-evaluating-multi-dimensional-visualizations-for-understanding-fuzzy-clusters.pdf,false,pending-references,paper-2022-revisiting-dr-visual-cluster-analysis,papers/notes/2022-revisiting-dr-visual-cluster-analysis.md,medium,2026-02-08
papers/notes/pending-extra-topoinvis2015-topoinvis2015.md,Agreement Analysis of Quality Measures for Dimensionality Reduction,"Bastian Rieck, Heike Leitte",Mathematics and Visualization,2017,papers/raw/pending-references/TopoInVis2015.pdf,false,pending-references,paper-2025-jeon-reliable-va-survey,papers/notes/2025-jeon-reliable-va-survey.md,medium,2026-02-08
papers/notes/pending-ref-016-visual-interaction-with-dimensionality-reduction-a-structu.md,Visual Interaction with Dimensionality Reduction: A Structured Literature Analysis,D. Sacha et al,IEEE Transactions on Visualization and Computer Graphics,2017,papers/raw/pending-references/pending-ref-016-2017-visual-interaction-with-dimensionality-reduction-a-structured-literature-analysis.pdf,false,pending-references,paper-2019-mdp-visual-analytics-survey,papers/notes/2019-mdp-visual-analytics-survey.md,medium,2026-02-08
papers/notes/pending-ref-021-axisketcher-interactive-nonlinear-axis-mapping-of-visualiz.md,Axisketcher: Interactive nonlinear axis mapping of visualizations through user drawings,"B. C. Kwon, H. Kim, E. Wall, J. Choo, H. Park, and A. Endert",Proceedings of the AAAI Conference on Artificial Intelligence,2017,papers/raw/pending-references/pending-ref-021-2017-axisketcher-interactive-nonlinear-axis-mapping-of-visualizations-through-user-drawing.pdf,false,pending-references,paper-2025-critical-analysis-dr-four-domains,papers/notes/2025-critical-analysis-dr-four-domains.md,medium,2026-02-08
papers/notes/pending-ref-047-visualizing-dimensionality-reduction-artifacts-an-evaluati.md,Visualizing dimensionality reduction artifacts: An evaluation,"N. Heulot, J. Fekete, and M. Aupetit",UNKNOWN,2017,papers/raw/pending-references/pending-ref-047-2017-visualizing-dimensionality-reduction-artifacts-an-evaluation.pdf,false,pending-references,paper-2019-mdp-visual-analytics-survey,papers/notes/2019-mdp-visual-analytics-survey.md,medium,2026-02-08
papers/notes/pending-ref-122-pive-per-iteration-visualization-environment-for-real-time.md,PIVE: Per-Iteration Visualization Environment for Real-Time Interactions with Dimension Reduction and Clustering,"Hannah Kim, Jaegul Choo, Changhyun Lee, Hanseung Lee, Chandan Reddy, and Haesun Park",Proceedings of the AAAI Conference on Artificial Intelligence,2017,papers/raw/pending-references/pending-ref-122-2017-pive-per-iteration-visualization-environment-for-real-time-interactions-with-dimensio.pdf,false,pending-references,paper-2025-jeon-reliable-va-survey,papers/notes/2025-jeon-reliable-va-survey.md,medium,2026-02-08
papers/notes/pending-extra-1-s2-0-s147692711630-1-s2-0-s1476927116304108-main.md,Comparison among dimensionality reduction techniques based on Random Projection for cancer classification,"Haozhe Xie, Jie Li, Qiaosheng Zhang, Yadong Wang",Computational Biology and Chemistry,2016,papers/raw/pending-references/1-s2.0-S1476927116304108-main.pdf,false,pending-references,paper-2025-jeon-reliable-va-survey,papers/notes/2025-jeon-reliable-va-survey.md,medium,2026-02-08
papers/notes/pending-extra-probing-projections-probing-projections-interaction-techniques-for-interpretin.md,Probing Projections: Interaction Techniques for Interpreting Arrangements and Errors of Dimensionality Reductions,"Julian Stahnke, Marian Dork, Boris Muller, Andreas Thom",IEEE Transactions on Visualization and Computer Graphics,2016,papers/raw/pending-references/Probing_Projections_Interaction_Techniques_for_Interpreting_Arrangements_and_Errors_of_Dimensionality_Reductions.pdf,false,pending-references,paper-2019-mdp-visual-analytics-survey,papers/notes/2019-mdp-visual-analytics-survey.md,medium,2026-02-08
papers/notes/pending-ref-086-understanding-attribute-variability-in-multidimensional-pr.md,Understanding Attribute Variability in Multidimensional Projections,"Lucas Pagliosa, Paulo Pagliosa, and Luis Gustavo Nonato",PLoS ONE,2016,papers/raw/pending-references/pending-ref-086-2016-understanding-attribute-variability-in-multidimensional-projections.pdf,false,pending-references,paper-2019-mdp-visual-analytics-survey,papers/notes/2019-mdp-visual-analytics-survey.md,medium,2026-02-08
papers/notes/pending-ref-087-explaining-three-dimensional-dimensionality-reduction-plot.md,Explaining three-dimensional dimensionality reduction plots,"Danilo B. Coimbra, Rafael M. Martins, Tácito T.A.T. Neves, Alexandru C. Telea, and Fernando V. Paulovich",Information Visualization,2016,papers/raw/pending-references/pending-ref-087-2016-explaining-three-dimensional-dimensionality-reduction-plots.pdf,false,pending-references,paper-2019-mdp-visual-analytics-survey,papers/notes/2019-mdp-visual-analytics-survey.md,medium,2026-02-08
papers/notes/pending-ref-123-hierarchical-stochastic-neighbor-embedding.md,Hierarchical stochastic neighbor embedding,"N. Pezzotti, T. H €ollt, B. Lelieveldt, E. Eisemann, and A. Vilanova",Journal of Proteome Research,2016,papers/raw/pending-references/pending-ref-123-2016-hierarchical-stochastic-neighbor-embedding.pdf,false,pending-references,paper-2019-mdp-visual-analytics-survey,papers/notes/2019-mdp-visual-analytics-survey.md,medium,2026-02-08
papers/notes/pending-extra-1-s2-0-s092523121401-1-s2-0-s0925231214012867-main.md,LoCH: A neighborhood-based multidimensional projection technique for high-dimensional sparse spaces,"Samuel G. Fadel, Francisco M. Fatore, Felipe S.L.G. Duarte, Fernando V. Paulovich",Neurocomputing,2015,papers/raw/pending-references/1-s2.0-S0925231214012867-main.pdf,false,pending-references,paper-2025-jeon-reliable-va-survey,papers/notes/2025-jeon-reliable-va-survey.md,medium,2026-02-08
papers/notes/pending-extra-1-s2-0-s092523121401-1-s2-0-s0925231214012909-main.md,Graph-based measures to assist user assessment of multidimensional projections,"Robson Motta, Rosane Minghim, Alneu de Andrade Lopes, Maria Cristina F. Oliveira",Neurocomputing,2015,papers/raw/pending-references/1-s2.0-S0925231214012909-main.pdf,false,pending-references,paper-2025-jeon-reliable-va-survey,papers/notes/2025-jeon-reliable-va-survey.md,medium,2026-02-08
papers/notes/pending-extra-computer-graphics-fo-computer-graphics-forum-2015-rieck-persistent-homology-for.md,Persistent Homology for the Evaluation of Dimensionality Reduction Schemes,"B. Rieck, H. Leitte",Computer Graphics Forum,2015,papers/raw/pending-references/Computer Graphics Forum - 2015 - Rieck - Persistent Homology for the Evaluation of Dimensionality Reduction Schemes.pdf,false,pending-references,paper-2025-jeon-reliable-va-survey,papers/notes/2025-jeon-reliable-va-survey.md,medium,2026-02-08
papers/notes/pending-ref-037-attribute-based-visual-explanation-of-multidimensional-pro.md,Attribute-based Visual Explanation of Multidimensional Projections,"Renato R. O. da Silva, Paulo E. Rauber, Rafael M. Martins, Rosane Minghim, and Alexandru C. Telea",UNKNOWN,2015,papers/raw/pending-references/pending-ref-037-2015-attribute-based-visual-explanation-of-multidimensional-projections.pdf,false,pending-references,paper-2019-mdp-visual-analytics-survey,papers/notes/2019-mdp-visual-analytics-survey.md,medium,2026-02-08
papers/notes/pending-ref-044-classimap-a-new-dimension-reduction-technique-for-explorat.md,ClassiMap: A new dimension reduction technique for exploratory data analysis of labeled data,"S. Lespinats, M. Aupetit, and A. Meyer-Baese",International Journal of Pattern Recognition and Artificial Intelligence,2015,papers/raw/pending-references/pending-ref-044-2015-classimap-a-new-dimension-reduction-technique-for-exploratory-data-analysis-of-labele.pdf,false,pending-references,paper-2019-mdp-visual-analytics-survey,papers/notes/2019-mdp-visual-analytics-survey.md,medium,2026-02-08
papers/notes/pending-ref-048-linear-dimensionality-reduction-survey-insights-and-genera.md,"Linear dimensionality reduction: Survey, insights, and generalizations",John P Cunningham and Zoubin Ghahramani,UNKNOWN,2015,papers/raw/pending-references/pending-ref-048-2015-linear-dimensionality-reduction-survey-insights-and-generalizations.pdf,false,pending-references,paper-2021-quantitative-survey-dr-techniques,papers/notes/2021-quantitative-survey-dr-techniques.md,medium,2026-02-08
papers/notes/pending-ref-051-explaining-neighborhood-preservation-for-multidimensional.md,Explaining Neighborhood Preservation for Multidimensional Projections,"Rafael Messias Martins, Rosane Minghim, and AC Telea",UNKNOWN,2015,papers/raw/pending-references/pending-ref-051-2015-explaining-neighborhood-preservation-for-multidimensional-projections.pdf,false,pending-references,paper-2021-quantitative-survey-dr-techniques,papers/notes/2021-quantitative-survey-dr-techniques.md,medium,2026-02-08
papers/notes/pending-ref-105-projection-inspector-assessment-and-synthesis-of-multidime.md,Projection inspector: Assessment and synthesis of multidimensional projections,"P. Pagliosa, F. Paulovich, R. Minghim, H. Levkowitz, and L. G. Nonato",Journal of Cheminformatics,2015,papers/raw/pending-references/pending-ref-105-2015-projection-inspector-assessment-and-synthesis-of-multidimensional-projections.pdf,false,pending-references,paper-2019-mdp-visual-analytics-survey,papers/notes/2019-mdp-visual-analytics-survey.md,medium,2026-02-08
papers/notes/pending-ref-132-doubly-supervised-embedding-based-on-class-labels-and-intr.md,Doubly supervised embedding based on class labels and intrinsic clusters for highdimensional data visualization,"H. Kim, J. Choo, C. Reddy, and H. Park",Neurocomputing,2015,papers/raw/pending-references/pending-ref-132-2015-doubly-supervised-embedding-based-on-class-labels-and-intrinsic-clusters-for-highdime.pdf,false,pending-references,paper-2019-mdp-visual-analytics-survey,papers/notes/2019-mdp-visual-analytics-survey.md,medium,2026-02-08
papers/notes/pending-ref-133-semi-random-projection-for-dimensionality-reduction-and-ex.md,Semi-random projection for dimensionality reduction and extreme learning machine in high-dimensional space,R. Zhao and K. Mao,Journal of Big Data,2015,papers/raw/pending-references/pending-ref-133-2015-semi-random-projection-for-dimensionality-reduction-and-extreme-learning-machine-in-h.pdf,false,pending-references,paper-2017-random-projection-survey,papers/notes/2017-random-projection-survey.md,medium,2026-02-08
papers/notes/pending-ref-158-loch-a-neighborhood-based-multidimensional-projection-tech.md,LoCH: A neighborhood-based multidimensional projection technique for highdimensional sparse spaces,"S. Fadel, F. Fatore, F. Duarte, and F. Paulovich",IEEE Transactions on Visualization and Computer Graphics,2015,papers/raw/pending-references/pending-ref-158-2015-loch-a-neighborhood-based-multidimensional-projection-technique-for-highdimensional-s.pdf,false,pending-references,paper-2019-mdp-visual-analytics-survey,papers/notes/2019-mdp-visual-analytics-survey.md,medium,2026-02-08
papers/notes/pending-ref-173-random-projection-based-dimensionality-reduction-method-fo.md,Random projection-based dimensionality reduction method for hyperspectral target detection,"W. Feng, Q. Chen, W. He, G. R. Arce, G. Gu, and J. Zhuang",Journal of Big Data,2015,papers/raw/pending-references/pending-ref-173-2015-random-projection-based-dimensionality-reduction-method-for-hyperspectral-target-dete.pdf,false,pending-references,paper-2017-random-projection-survey,papers/notes/2017-random-projection-survey.md,medium,2026-02-08
papers/notes/pending-extra-1403-0700v1-1403-0700v1.md,Random projections on manifolds of Symmetric Positive Definite matrices for image classification,"Azadeh Alavi, Arnold Wiliem, Kun Zhao, Brian C. Lovell, Conrad Sanderson",IEEE Winter Conference on Applications of Computer Vision,2014,papers/raw/pending-references/1403.0700v1.pdf,false,pending-references,paper-2025-jeon-reliable-va-survey,papers/notes/2025-jeon-reliable-va-survey.md,medium,2026-02-08
papers/notes/pending-extra-2669557-2669578-2669557-2669578.md,Sanity check for class-coloring-based evaluation of dimension reduction techniques,Michaël Aupetit,Proceedings of the Fifth Workshop on Beyond Time and Errors: Novel Evaluation Methods for Visualization,2014,papers/raw/pending-references/2669557.2669578.pdf,false,pending-references,paper-2025-jeon-reliable-va-survey,papers/notes/2025-jeon-reliable-va-survey.md,medium,2026-02-08
papers/notes/pending-extra-nmap-a-novel-neighbo-nmap-a-novel-neighborhood-preservation-space-filling-algor.md,Nmap: A Novel Neighborhood Preservation Space-filling Algorithm,"Felipe S. L. G. Duarte, Fabio Sikansi, Francisco M. Fatore, Samuel G. Fadel, Fernando V. Paulovich",IEEE Transactions on Visualization and Computer Graphics,2014,papers/raw/pending-references/Nmap_A_Novel_Neighborhood_Preservation_Space-filling_Algorithm.pdf,false,pending-references,paper-2019-mdp-visual-analytics-survey,papers/notes/2019-mdp-visual-analytics-survey.md,medium,2026-02-08
papers/notes/pending-ref-006-visual-analysis-of-dimensionality-reduction-quality-for-pa.md,Visual analysis of dimensionality reduction quality for parameterized projections,"Rafael Messias Martins, Danilo Barbosa Coimbra, Rosane Minghim, and A.C. Telea",Proceedings of the IEEE,2014,papers/raw/pending-references/pending-ref-006-2014-visual-analysis-of-dimensionality-reduction-quality-for-parameterized-projections.pdf,false,pending-references,paper-2019-mdp-visual-analytics-survey,papers/notes/2019-mdp-visual-analytics-survey.md,medium,2026-02-08
papers/notes/pending-ref-125-a-methodology-to-compare-dimensionality-reduction-algorith.md,A methodology to compare Dimensionality Reduction algorithms in terms of loss of quality,"A. Gracia, S. Gonz /C19alez, V. Robles, and E. Menasalvas",Information Sciences,2014,papers/raw/pending-references/pending-ref-125-2014-a-methodology-to-compare-dimensionality-reduction-algorithms-in-terms-of-loss-of-qual.pdf,false,pending-references,paper-2019-mdp-visual-analytics-survey,papers/notes/2019-mdp-visual-analytics-survey.md,medium,2026-02-08
papers/notes/pending-extra-10-5923-j-ajsp-20130-10-5923-j-ajsp-20130303-01.md,Evaluation of Random-Projection-Based Feature Combination on Dysarthric Speech Recognition,"Tetsuya Takiguchi, Jeff Bilmes, Mariko Yoshii, Yasuo Ariki",American Journal of Signal Processing,2013,papers/raw/pending-references/10.5923.j.ajsp.20130303.01.pdf,false,pending-references,paper-2025-jeon-reliable-va-survey,papers/notes/2025-jeon-reliable-va-survey.md,medium,2026-02-08
papers/notes/pending-extra-bbs017-bbs017.md,Integrative Genomics Viewer (IGV): high-performance genomics data visualization and exploration,"H. Thorvaldsdottir, J. T. Robinson, J. P. Mesirov",Briefings in Bioinformatics,2013,papers/raw/pending-references/bbs017.pdf,false,pending-references,paper-2025-jeon-reliable-va-survey,papers/notes/2025-jeon-reliable-va-survey.md,medium,2026-02-08
papers/notes/pending-extra-explainers-expert-ex-explainers-expert-explorations-with-crafted-projections.md,Explainers: Expert Explorations with Crafted Projections,Michael Gleicher,IEEE Transactions on Visualization and Computer Graphics,2013,papers/raw/pending-references/Explainers_Expert_Explorations_with_Crafted_Projections.pdf,false,pending-references,paper-2025-critical-analysis-dr-four-domains,papers/notes/2025-critical-analysis-dr-four-domains.md,medium,2026-02-08
papers/notes/pending-ref-002-empirical-guidance-on-scatterplot-and-dimension-reduction.md,Empirical Guidance on Scatterplot and Dimension Reduction Technique Choices,"M. Sedlmair, T. Munzner, and M. Tory",IEEE Transactions on Visualization and Computer Graphics,2013,papers/raw/pending-references/pending-ref-002-2013-empirical-guidance-on-scatterplot-and-dimension-reduction-technique-choices.pdf,false,pending-references,paper-2014-brehmer-task-sequences,papers/notes/2014-brehmer-task-sequences.md,medium,2026-02-08
papers/notes/pending-ref-028-visualizing-the-quality-of-dimensionality-reduction.md,Visualizing the quality of dimensionality reduction,"Bassam Mokbel, Wouter Lueks, Andrej Gisbrecht, and Barbara Hammer",Neurocomputing,2013,papers/raw/pending-references/pending-ref-028-2013-visualizing-the-quality-of-dimensionality-reduction.pdf,false,pending-references,paper-2019-mdp-visual-analytics-survey,papers/notes/2019-mdp-visual-analytics-survey.md,medium,2026-02-08
papers/notes/pending-ref-029-stability-comparison-of-dimensionality-reduction-technique.md,Stability Comparison of Dimensionality Reduction Techniques Attending to Data and Parameter Variations,"Francisco J. García-Fernández, Michel Verleysen, John A. Lee, and Ignacio Díaz",UNKNOWN,2013,papers/raw/pending-references/pending-ref-029-2013-stability-comparison-of-dimensionality-reduction-techniques-attending-to-data-and-par.pdf,false,pending-references,paper-2019-mdp-visual-analytics-survey,papers/notes/2019-mdp-visual-analytics-survey.md,medium,2026-02-08
papers/notes/pending-ref-060-proxilens-interactive-exploration-of-high-dimensional-data.md,ProxiLens: Interactive Exploration of High-Dimensional Data using Projections,"Nicolas Heulot, Michael Aupetit, and Jean Daniel Fekete",UNKNOWN,2013,papers/raw/pending-references/pending-ref-060-2013-proxilens-interactive-exploration-of-high-dimensional-data-using-projections.pdf,false,pending-references,paper-2019-mdp-visual-analytics-survey,papers/notes/2019-mdp-visual-analytics-survey.md,medium,2026-02-08
papers/notes/pending-ref-061-visne-enables-visualization-of-high-dimensional-single-cel.md,viSNE enables visualization of high dimensional single-cell data and reveals phenotypic heterogeneity of leukemia,E.-A. D. Amir et al,Nature Biotechnology,2013,papers/raw/pending-references/pending-ref-061-2013-visne-enables-visualization-of-high-dimensional-single-cell-data-and-reveals-phenotyp.pdf,false,pending-references,paper-2025-critical-analysis-dr-four-domains,papers/notes/2025-critical-analysis-dr-four-domains.md,medium,2026-02-08
papers/notes/pending-ref-140-visual-analytics-using-multidimensional-projections.md,Visual analytics using multidimensional projections,M. Aupetit and L. van der Maaten,PLoS ONE,2013,papers/raw/pending-references/pending-ref-140-2013-visual-analytics-using-multidimensional-projections.pdf,false,pending-references,paper-2019-mdp-visual-analytics-survey,papers/notes/2019-mdp-visual-analytics-survey.md,medium,2026-02-08
papers/notes/pending-extra-fernstad-et-al-2012-fernstad-et-al-2012-quality-based-guidance-for-exploratory.md,Quality-based guidance for exploratory dimensionality reduction,"Sara Johansson Fernstad, Jane Shaw, Jimmy Johansson",Information Visualization,2012,papers/raw/pending-references/fernstad-et-al-2012-quality-based-guidance-for-exploratory-dimensionality-reduction.pdf,false,pending-references,paper-2025-jeon-reliable-va-survey,papers/notes/2025-jeon-reliable-va-survey.md,medium,2026-02-08
papers/notes/pending-extra-ilamp-exploring-high-ilamp-exploring-high-dimensional-spacing-through-backward.md,iLAMP: Exploring high-dimensional spacing through backward multidimensional projection,"Elisa Portes dos Santos Amorim, Emilio Vital Brazil, Joel Daniels, Paulo Joia, Luis Gustavo Nonato, Mario Costa Sousa",2012 IEEE Conference on Visual Analytics Science and Technology (VAST),2012,papers/raw/pending-references/iLAMP_Exploring_high-dimensional_spacing_through_backward_multidimensional_projection.pdf,false,pending-references,paper-2021-quantitative-survey-dr-techniques,papers/notes/2021-quantitative-survey-dr-techniques.md,medium,2026-02-08
papers/notes/pending-ref-010-a-taxonomy-of-visual-cluster-separation-factors.md,A Taxonomy of Visual Cluster Separation Factors,"M. Sedlmair, A. Tatu, T. Munzner, and M. Tory",PLoS ONE,2012,papers/raw/pending-references/pending-ref-010-2012-a-taxonomy-of-visual-cluster-separation-factors.pdf,false,pending-references,paper-2014-brehmer-task-sequences,papers/notes/2014-brehmer-task-sequences.md,medium,2026-02-08
papers/notes/pending-ref-013-a-survey-of-dimension-reduction-methods-for-high-dimension.md,High Performance Dimension Reduction and Visualization for Large High-Dimensional Data Analysis,"D. Engel, L. Hüttenberger, and B. Hamann","2010 10th IEEE/ACM International Conference on Cluster, Cloud and Grid Computing",2012,papers/raw/pending-references/pending-ref-013-2012-a-survey-of-dimension-reduction-methods-for-high-dimensional-data-analysis-and-visual.pdf,false,pending-references,paper-2021-quantitative-survey-dr-techniques,papers/notes/2021-quantitative-survey-dr-techniques.md,medium,2026-02-08
papers/notes/pending-ref-018-a-general-framework-for-dimensionality-reducing-data-visua.md,A General Framework for Dimensionality-Reducing Data Visualization Mapping,"Kerstin Bunte, Michael Biehl, and Barbara Hammer",Journal of Statistical Software,2012,papers/raw/pending-references/pending-ref-018-2012-a-general-framework-for-dimensionality-reducing-data-visualization-mapping.pdf,false,pending-references,paper-2021-quantitative-survey-dr-techniques,papers/notes/2021-quantitative-survey-dr-techniques.md,medium,2026-02-08
papers/notes/pending-ref-022-human-cluster-evaluation-and-formal-quality-measures-a-com.md,Human cluster evaluation and formal quality measures: A comparative study,"Joshua Lewis, Margareta Ackerman, and Virginia de Sa",UNKNOWN,2012,papers/raw/pending-references/pending-ref-022-2012-human-cluster-evaluation-and-formal-quality-measures-a-comparative-study.pdf,false,pending-references,paper-2015-perception-based-projection-evaluation,papers/notes/2015-perception-based-projection-evaluation.md,medium,2026-02-08
papers/notes/pending-ref-045-a-behavioral-investigation-of-dimensionality-reduction.md,A behavioral investigation of dimensionality reduction,"J. Lewis, L. van der Maaten, and V. de Sa",UNKNOWN,2012,papers/raw/pending-references/pending-ref-045-2012-a-behavioral-investigation-of-dimensionality-reduction.pdf,false,pending-references,paper-2015-perception-based-projection-evaluation,papers/notes/2015-perception-based-projection-evaluation.md,medium,2026-02-08
papers/notes/pending-ref-079-adaptive-manifold-learning.md,Adaptive manifold learning,"Hangzhou, , P. R. China",IEEE Transactions on Pattern Analysis and Machine Intelligence,2012,papers/raw/pending-references/pending-ref-079-2012-adaptive-manifold-learning.pdf,false,pending-references,paper-2009-comparative-review-dr-techniques,papers/notes/2009-comparative-review-dr-techniques.md,medium,2026-02-08
papers/notes/pending-ref-100-a-new-embedding-quality-assessment-method-for-manifold-lea.md,A new embedding quality assessment method for manifold learning,"P. Zhang, Y. Ren, and B. Zhang",Neurocomputing,2012,papers/raw/pending-references/pending-ref-100-2012-a-new-embedding-quality-assessment-method-for-manifold-learning.pdf,false,pending-references,paper-2019-mdp-visual-analytics-survey,papers/notes/2019-mdp-visual-analytics-survey.md,medium,2026-02-08
papers/notes/pending-ref-114-dimensionality-reduction-and-topic-modeling-from-latent-se.md,Dimensionality Reduction and Topic Modeling: From Latent Semantic Indexing to Latent Dirichlet Allocation and Beyond,"S. P . Crain, K. Zhou, S.-H. Y ang, and H. Zha",Mining Text Data,2012,papers/raw/pending-references/pending-ref-114-2012-dimensionality-reduction-and-topic-modeling-from-latent-semantic-indexing-to-latent-d.pdf,false,pending-references,paper-2024-large-scale-text-spatialization,papers/notes/2024-large-scale-text-spatialization.md,medium,2026-02-08
papers/notes/pending-ref-153-user-centered-multidimensional-projection-techniques.md,User-centered multidimensional projection techniques,"F. Paulovich, C. Silva, and L. Nonato",PLoS ONE,2012,papers/raw/pending-references/pending-ref-153-2012-user-centered-multidimensional-projection-techniques.pdf,false,pending-references,paper-2019-mdp-visual-analytics-survey,papers/notes/2019-mdp-visual-analytics-survey.md,medium,2026-02-08
papers/notes/pending-ref-175-ilamp-exploring-highdimensional-spacing-through-backward-m.md,iLAMP: Exploring highdimensional spacing through backward multidimensional projection,"Elisa Portes dos Santos Amorim, Emilio Vital Brazil, Joel Daniels, Paulo Joia, Luis Gustavo Nonato, and Mario Costa Sousa",Computer Graphics Forum,2012,papers/raw/pending-references/pending-ref-175-2012-ilamp-exploring-highdimensional-spacing-through-backward-multidimensional-projection.pdf,false,pending-references,paper-2025-jeon-reliable-va-survey,papers/notes/2025-jeon-reliable-va-survey.md,medium,2026-02-08
papers/notes/pending-extra-1-s2-0-s187705091100-1-s2-0-s1877050911001141-main.md,Shift-invariant similarities circumvent distance concentration in stochastic neighbor embedding and variants,"John A. Lee, Michel Verleysen",Procedia Computer Science,2011,papers/raw/pending-references/1-s2.0-S1877050911001141-main.pdf,false,pending-references,paper-2025-jeon-reliable-va-survey,papers/notes/2025-jeon-reliable-va-survey.md,medium,2026-02-08
papers/notes/pending-extra-large-manifold-book-large-manifold-book-chapter.md,Large-Scale Manifold Learning,"Ameet Talwalkar, Sanjiv Kumar, Mehryar Mohri, Henry Rowley",Manifold Learning Theory and Applications,2011,papers/raw/pending-references/large_manifold_book_chapter.pdf,false,pending-references,paper-2025-jeon-reliable-va-survey,papers/notes/2025-jeon-reliable-va-survey.md,medium,2026-02-08
papers/notes/pending-ref-012-quality-metrics-in-high-dimensional-data-visualization-an.md,Quality metrics in high-dimensional data visualization: An overview and systematization,"E. Bertini, A. Tatu, and D. Keim",Nature Methods,2011,papers/raw/pending-references/pending-ref-012-2011-quality-metrics-in-high-dimensional-data-visualization-an-overview-and-systematizatio.pdf,false,pending-references,paper-2012-sedlmair-dr-in-the-wild,papers/notes/2012-sedlmair-dr-in-the-wild.md,medium,2026-02-08
papers/notes/pending-ref-027-perceptionbased-visual-quality-measures.md,Perceptionbased visual quality measures,"Georgia Albuquerque, Martin Eisemann, and Marcus Magnor",Psychonomic Bulletin &amp; Review,2011,papers/raw/pending-references/pending-ref-027-2011-perceptionbased-visual-quality-measures.pdf,false,pending-references,paper-2015-perception-based-projection-evaluation,papers/notes/2015-perception-based-projection-evaluation.md,medium,2026-02-08
papers/notes/pending-ref-072-piecewise-laplacian-based-projection-for-interactive-data.md,Piecewise laplacian-based projection for interactive data exploration and organization,"F. V. Paulovich, D. M. Eler, J. Poco, , C. P. Botha, R. Minghim, and L. G. Nonato",Information,2011,papers/raw/pending-references/pending-ref-072-2011-piecewise-laplacian-based-projection-for-interactive-data-exploration-and-organizatio.pdf,false,pending-references,paper-2019-mdp-visual-analytics-survey,papers/notes/2019-mdp-visual-analytics-survey.md,medium,2026-02-08
papers/notes/pending-ref-126-quality-metrics-in-highdimensional-data-visualization-an-o.md,Quality metrics in highdimensional data visualization: An overview and systematization,"E. Bertini, A. Tatu, and D. Keim",Frontiers in Bioengineering and Biotechnology,2011,papers/raw/pending-references/pending-ref-126-2011-quality-metrics-in-highdimensional-data-visualization-an-overview-and-systematization.pdf,false,pending-references,paper-2019-mdp-visual-analytics-survey,papers/notes/2019-mdp-visual-analytics-survey.md,medium,2026-02-08
papers/notes/pending-ref-176-learning-linear-discriminant-projections-for-dimensionalit.md,Learning Linear Discriminant Projections for Dimensionality Reduction of Image Descriptors,"Hongping Cai, K Mikolajczyk, J Matas",IEEE Transactions on Pattern Analysis and Machine Intelligence,2011,papers/raw/pending-references/pending-ref-176-2011-learning-linear-discriminant-projections-for-dimensionality-reduction-of-image-descri.pdf,false,pending-references,paper-2014-sorzano-survey-dr-techniques,papers/notes/2014-sorzano-survey-dr-techniques.md,medium,2026-02-08
papers/notes/pending-ref-177-maximal-linear-embedding-for-dimensionality-reduction.md,Maximal Linear Embedding for Dimensionality Reduction,"Ruiping Wang, Shiguang Shan, Xilin Chen, Jie Chen, Wen Gao",IEEE Transactions on Pattern Analysis and Machine Intelligence,2011,papers/raw/pending-references/pending-ref-177-2011-maximal-linear-embedding-for-dimensionality-reduction.pdf,false,pending-references,paper-2014-sorzano-survey-dr-techniques,papers/notes/2014-sorzano-survey-dr-techniques.md,medium,2026-02-08
papers/notes/zadu-ref-08-local-affine-multidimensional-projection-1.md,Local Affine Multidimensional Projection,Paulo Joia; Fernando V. Paulovich; Danilo Coimbra; Jose Alberto Cuminato; Luis Gustavo Nonato,IEEE Transactions on Visualization and Computer Graphics,2011,papers/raw/zadu-table1-references/Local_Affine_Multidimensional_Projection (1).pdf,false,zadu-table1-references,paper-2023-zadu-library,papers/notes/2023-zadu-library.md,high,2026-02-13
papers/notes/zadu-ref-13-ref03-geometric-inference-for-probability-measures.md,Geometric Inference for Measures based on Distance Functions,Frederic Chazal; David Cohen-Steiner; Quentin Merigot,Foundations of Computational Mathematics,2011,papers/raw/zadu-table1-references/ref03_geometric_inference_for_probability_measures.pdf,false,zadu-table1-references,paper-2023-zadu-library,papers/notes/2023-zadu-library.md,high,2026-02-13
papers/notes/pending-extra-1-s2-0-s016786551000-1-s2-0-s0167865510001364-main.md,Scale-independent quality criteria for dimensionality reduction,"John A. Lee, Michel Verleysen",Pattern Recognition Letters,2010,papers/raw/pending-references/1-s2.0-S0167865510001364-main.pdf,false,pending-references,paper-2025-jeon-reliable-va-survey,papers/notes/2025-jeon-reliable-va-survey.md,medium,2026-02-08
papers/notes/pending-extra-clustered-nystrm-met-clustered-nystrm-method-for-large-scale-manifold-learning.md,Clustered Nyström Method for Large Scale Manifold Learning and Dimension Reduction,"Kai Zhang, James T. Kwok",IEEE Transactions on Neural Networks,2010,papers/raw/pending-references/Clustered_Nystrm_Method_for_Large_Scale_Manifold_Learning_and_Dimension_Reduction.pdf,false,pending-references,paper-2015-gisbrecht-nonlinear-dr-visualization,papers/notes/2015-gisbrecht-nonlinear-dr-visualization.md,medium,2026-02-08
papers/notes/pending-extra-medical-physics-2009-medical-physics-2009-jamieson-exploring-nonlinear-feature.md,Exploring nonlinear feature space dimension reduction and data representation in breast CADx with Laplacian eigenmaps and ‐SNE,"Andrew R. Jamieson, Maryellen L. Giger, Karen Drukker, Hui Li, Yading Yuan, Neha Bhooshan",Medical Physics,2010,papers/raw/pending-references/Medical Physics - 2009 - Jamieson - Exploring nonlinear feature space dimension reduction and data representation in breast.pdf,false,pending-references,paper-2025-jeon-reliable-va-survey,papers/notes/2025-jeon-reliable-va-survey.md,medium,2026-02-08
papers/notes/pending-ref-004-information-retrieval-perspective-to-nonlinear-dimensional.md,Information retrieval perspective to nonlinear dimensionality reduction for data visualization,"J. V enna, J. Peltonen, K. Nybo, H. Aidos, and S. Kaski",UNKNOWN,2010,papers/raw/pending-references/pending-ref-004-2010-information-retrieval-perspective-to-nonlinear-dimensionality-reduction-for-data-visu.pdf,false,pending-references,paper-2015-perception-based-projection-evaluation,papers/notes/2015-perception-based-projection-evaluation.md,medium,2026-02-08
papers/notes/pending-ref-023-visual-quality-metrics-and-human-perception-an-initial-stu.md,Visual quality metrics and human perception: an initial study on 2D projections of large multidimensional data,"Andrada Tatu, Peter Bak, Enrico Bertini, Daniel Keim, and Joern Schneidewind",UNKNOWN,2010,papers/raw/pending-references/pending-ref-023-2010-visual-quality-metrics-and-human-perception-an-initial-study-on-2d-projections-of-lar.pdf,false,pending-references,paper-2015-perception-based-projection-evaluation,papers/notes/2015-perception-based-projection-evaluation.md,medium,2026-02-08
papers/notes/pending-ref-035-stress-maps-analysing-local-phenomena-in-dimensionality-re.md,Stress Maps: Analysing Local Phenomena in Dimensionality Reduction Based Visualisations,"Christin Seifert, Vedran Sabol, and Wolfgang Kienreich",UNKNOWN,2010,papers/raw/pending-references/pending-ref-035-2010-stress-maps-analysing-local-phenomena-in-dimensionality-reduction-based-visualisation.pdf,false,pending-references,paper-2019-mdp-visual-analytics-survey,papers/notes/2019-mdp-visual-analytics-survey.md,medium,2026-02-08
papers/notes/pending-ref-062-improving-the-visual-analysis-of-high-dimensional-datasets.md,Improving the visual analysis of high-dimensional datasets using quality measures,"Georgia Albuquerque, Martin Eisemann, Dirk J. Lehmann, Holger Theisel, and Marcus Magnor",PLoS ONE,2010,papers/raw/pending-references/pending-ref-062-2010-improving-the-visual-analysis-of-high-dimensional-datasets-using-quality-measures.pdf,false,pending-references,paper-2014-brehmer-task-sequences,papers/notes/2014-brehmer-task-sequences.md,medium,2026-02-08
papers/notes/pending-ref-067-ivisclassifier-an-interactive-visual-analytics-system-for.md,iVisClassifier: An interactive visual analytics system for classification based on supervised dimension reduction,"Jaegul Choo, Hanseung Lee, Jaeyeon Kihm, and Haesun Park",Computer Graphics Forum,2010,papers/raw/pending-references/pending-ref-067-2010-ivisclassifier-an-interactive-visual-analytics-system-for-classification-based-on-sup.pdf,false,pending-references,paper-2025-jeon-reliable-va-survey,papers/notes/2025-jeon-reliable-va-survey.md,medium,2026-02-08
papers/notes/pending-ref-154-recent-advances-in-nonlinear-dimensionality-reduction-mani.md,Nonlinear Dimensionality Reduction and Manifold Learning,"A. Wism €uller, M. Verleysen, M. Aupetit, and J. Lee",Springer Texts in Statistics,2010,papers/raw/pending-references/pending-ref-154-2010-recent-advances-in-nonlinear-dimensionality-reduction-manifold-and-topological-learni.pdf,false,pending-references,paper-2019-mdp-visual-analytics-survey,papers/notes/2019-mdp-visual-analytics-survey.md,medium,2026-02-08
papers/notes/pending-ref-043-local-procrustes-for-manifold-embedding-a-measure-of-embed.md,Local procrustes for manifold embedding: A measure of embedding quality and embedding algorithms,Y. Goldberg and Y. Ritov,Machine Learning,2009,papers/raw/pending-references/pending-ref-043-2009-local-procrustes-for-manifold-embedding-a-measure-of-embedding-quality-and-embedding.pdf,false,pending-references,paper-2019-mdp-visual-analytics-survey,papers/notes/2019-mdp-visual-analytics-survey.md,medium,2026-02-08
papers/notes/pending-ref-080-ipca-an-interactive-system-for-pca-based-visual-analytics.md,iPCA: An Interactive System for PCA-based Visual Analytics,"Dong Hyun Jeong, Caroline Ziemkiewicz, Brian Fisher, William Ribarsky, and Remco Chang",Artificial Intelligence in Medicine,2009,papers/raw/pending-references/pending-ref-080-2009-ipca-an-interactive-system-for-pca-based-visual-analytics.pdf,false,pending-references,paper-2019-mdp-visual-analytics-survey,papers/notes/2019-mdp-visual-analytics-survey.md,medium,2026-02-08
papers/notes/pending-ref-102-combining-automated-analysis-and-visualization-techniques.md,Combining automated analysis and visualization techniques for effective exploration of high-dimensional data,"A. Tatu, G. Albuquerque, M. Eisemann, J. Schneidewind, H. Theisel, M. Magnor, and D. Keim",2009 IEEE Symposium on Visual Analytics Science and Technology,2009,papers/raw/pending-references/pending-ref-102-2009-combining-automated-analysis-and-visualization-techniques-for-effective-exploration-o.pdf,false,pending-references,paper-2021-quantitative-survey-dr-techniques,papers/notes/2021-quantitative-survey-dr-techniques.md,medium,2026-02-08
papers/notes/pending-ref-127-interactive-dimensionality-reduction-through-user-defined.md,Interactive Dimensionality Reduction Through User-defined Combinations of Quality Metrics,Sara Johansson and Jimmy Johansson,PLoS ONE,2009,papers/raw/pending-references/pending-ref-127-2009-interactive-dimensionality-reduction-through-user-defined-combinations-of-quality-met.pdf,false,pending-references,paper-2025-jeon-reliable-va-survey,papers/notes/2025-jeon-reliable-va-survey.md,medium,2026-02-08
papers/notes/zadu-ref-02-1-s2-0-s0925231209000101-main.md,Quality assessment of dimensionality reduction: Rank-based criteria,John A. Lee; Michel Verleysen,Neurocomputing,2009,papers/raw/zadu-table1-references/1-s2.0-S0925231209000101-main.pdf,false,zadu-table1-references,paper-2023-zadu-library,papers/notes/2023-zadu-library.md,high,2026-02-13
papers/notes/zadu-ref-05-computer-graphics-forum-2009-sips-selecting-good-views-of-high-e2-80-90dimension.md,Selecting good views of high-dimensional data using class consistency,Mike Sips; Boris Neubert; John P. Lewis; Pat Hanrahan,Computer Graphics Forum,2009,papers/raw/zadu-table1-references/Computer Graphics Forum - 2009 - Sips - Selecting good views of high%E2%80%90dimensional data using class consistency.pdf,false,zadu-table1-references,paper-2023-zadu-library,papers/notes/2023-zadu-library.md,high,2026-02-13
papers/notes/zadu-ref-07-local-multidimensional-scaling-for-nonlinear-dimension-reduction-graph-drawing-a.md,"Local Multidimensional Scaling for Nonlinear Dimension Reduction, Graph Drawing, and Proximity Analysis",Lisha Chen; Andreas Buja,Journal of the American Statistical Association,2009,papers/raw/zadu-table1-references/Local Multidimensional Scaling for Nonlinear Dimension Reduction  Graph Drawing  and Proximity Analysis.pdf,false,zadu-table1-references,paper-2023-zadu-library,papers/notes/2023-zadu-library.md,high,2026-02-13
papers/notes/zadu-ref-16-ref12-local-procrustes-for-manifold-embedding-a-measure-of-embedding-quality-and.md,Local procrustes for manifold embedding: a measure of embedding quality and embedding algorithms,Yair Goldberg; Ya'acov Ritov,Machine Learning,2009,papers/raw/zadu-table1-references/ref12_local_procrustes_for_manifold_embedding_a_measure_of_embedding_quality_and_embedding_algor.pdf,false,zadu-table1-references,paper-2023-zadu-library,papers/notes/2023-zadu-library.md,high,2026-02-13
papers/notes/pending-extra-least-square-project-least-square-projection-a-fast-high-precision-multidimensi.md,Least Square Projection: A Fast High-Precision Multidimensional Projection Technique and Its Application to Document Mapping,"F.V. Paulovich, L.G. Nonato, R. Minghim, H. Levkowitz",IEEE Transactions on Visualization and Computer Graphics,2008,papers/raw/pending-references/Least_Square_Projection_A_Fast_High-Precision_Multidimensional_Projection_Technique_and_Its_Application_to_Document_Mapping (1).pdf,false,pending-references,paper-2015-perception-based-projection-evaluation,papers/notes/2015-perception-based-projection-evaluation.md,medium,2026-02-08
papers/notes/pending-ref-162-rank-based-quality-assessment-of-nonlinear-dimensionality.md,Quality assessment of dimensionality reduction: Rank-based criteria,"Lee J.A, Verleysen M",Neurocomputing,2008,papers/raw/pending-references/pending-ref-162-2008-rank-based-quality-assessment-of-nonlinear-dimensionality-reduction.pdf,false,pending-references,paper-2015-gisbrecht-nonlinear-dr-visualization,papers/notes/2015-gisbrecht-nonlinear-dr-visualization.md,medium,2026-02-08
papers/notes/zadu-ref-06-least-square-projection-a-fast-high-precision-multidimensional-projection-techni.md,Least Square Projection: A Fast High-Precision Multidimensional Projection Technique and Its Application to Document Mapping,Fernando V. Paulovich; Luis Gustavo Nonato; Rosane Minghim; Haim Levkowitz,IEEE Transactions on Visualization and Computer Graphics,2008,papers/raw/zadu-table1-references/Least_Square_Projection_A_Fast_High-Precision_Multidimensional_Projection_Technique_and_Its_Application_to_Document_Mapping.pdf,false,zadu-table1-references,paper-2023-zadu-library,papers/notes/2023-zadu-library.md,high,2026-02-13
papers/notes/pending-extra-1-s2-0-s092523120600-1-s2-0-s0925231206004814-main.md,Visualizing distortions and recovering topology in continuous projection techniques,Michaël Aupetit,Neurocomputing,2007,papers/raw/pending-references/1-s2.0-S0925231206004814-main.pdf,false,pending-references,paper-2025-jeon-reliable-va-survey,papers/notes/2025-jeon-reliable-va-survey.md,medium,2026-02-08
papers/notes/pending-extra-orthogonal-neighborh-orthogonal-neighborhood-preserving-projections-a-projectio.md,Orthogonal Neighborhood Preserving Projections: A Projection-Based Dimensionality Reduction Technique,"E. Kokiopoulou, Y. Saad",IEEE Transactions on Pattern Analysis and Machine Intelligence,2007,papers/raw/pending-references/Orthogonal_Neighborhood_Preserving_Projections_A_Projection-Based_Dimensionality_Reduction_Technique.pdf,false,pending-references,paper-2015-gisbrecht-nonlinear-dr-visualization,papers/notes/2015-gisbrecht-nonlinear-dr-visualization.md,medium,2026-02-08
papers/notes/pending-ref-068-nonlinear-dimensionality-reduction-and-data-visualization.md,Nonlinear dimensionality reduction and data visualization: a review,Hujun Yin,International Journal of Automation and Computing,2007,papers/raw/pending-references/pending-ref-068-2007-nonlinear-dimensionality-reduction-and-data-visualization-a-review.pdf,false,pending-references,paper-2021-quantitative-survey-dr-techniques,papers/notes/2021-quantitative-survey-dr-techniques.md,medium,2026-02-08
papers/notes/pending-ref-092-dd-hds-a-method-for-visualization-and-exploration-of-high.md,DD-HDS: A Method for Visualization and Exploration of High-Dimensional Data,"Sylvain Lespinats, Michel Verleysen, Alain Giron, and Bernard Fertil",IEEE Transactions on Neural Networks,2007,papers/raw/pending-references/pending-ref-092-2007-dd-hds-a-method-for-visualization-and-exploration-of-high-dimensional-data.pdf,false,pending-references,paper-2025-jeon-reliable-va-survey,papers/notes/2025-jeon-reliable-va-survey.md,medium,2026-02-08
papers/notes/pending-ref-159-orthogonal-neighborhood-preserving-projections-a-projectio.md,Orthogonal Neighborhood Preserving Projections: A Projection-Based Dimensionality Reduction Technique,"E. Kokiopoulou, Y. Saad",IEEE Transactions on Pattern Analysis and Machine Intelligence,2007,papers/raw/pending-references/pending-ref-159-2007-orthogonal-neighborhood-preserving-projections-a-projection-based-dimensionality-redu.pdf,false,pending-references,paper-2014-sorzano-survey-dr-techniques,papers/notes/2014-sorzano-survey-dr-techniques.md,medium,2026-02-08
papers/notes/pending-ref-181-data-visualization-and-dimensionality-reduction-using-kern.md,Data Visualization and Dimensionality Reduction Using Kernel Maps With a Reference Point,J.A.K. Suykens,IEEE Transactions on Neural Networks,2007,papers/raw/pending-references/pending-ref-181-2007-data-visualization-and-dimensionality-reduction-using-kernel-maps-with-a-reference-po.pdf,false,pending-references,paper-2009-comparative-review-dr-techniques,papers/notes/2009-comparative-review-dr-techniques.md,medium,2026-02-08
papers/notes/pending-extra-rkharal2006-rkharal2006.md,Semideﬁnite Embedding for the Dimensionality Reduction of DNA Microarray Data,Reduction of DNA Microarray Data,UNKNOWN,2006,papers/raw/pending-references/rkharal2006.pdf,false,pending-references,paper-2025-jeon-reliable-va-survey,papers/notes/2025-jeon-reliable-va-survey.md,medium,2026-02-08
papers/notes/pending-ref-019-local-multidimensional-scaling.md,Local multidimensional scaling,Jarkko Venna and Samuel Kaski,Journal of the American Statistical Association,2006,papers/raw/pending-references/pending-ref-019-2006-local-multidimensional-scaling.pdf,false,pending-references,paper-2015-gisbrecht-nonlinear-dr-visualization,papers/notes/2015-gisbrecht-nonlinear-dr-visualization.md,medium,2026-02-08
papers/notes/pending-ref-183-vizrank-data-visualization-guided-by-machine-learning.md,Vizrank: Data visualization guided by machine learning,"Gregor Leban, Blaž Zupan, Gaj Vidmar, and Ivan Bratko",Data Mining and Knowledge Discovery,2006,papers/raw/pending-references/pending-ref-183-2006-vizrank-data-visualization-guided-by-machine-learning.pdf,false,pending-references,paper-2025-jeon-reliable-va-survey,papers/notes/2025-jeon-reliable-va-survey.md,medium,2026-02-08
papers/notes/zadu-ref-01-1-s2-0-s0893608006000724-main.md,Local multidimensional scaling,Jarkko Venna; Samuel Kaski,Neural Networks,2006,papers/raw/zadu-table1-references/1-s2.0-S0893608006000724-main.pdf,false,zadu-table1-references,paper-2023-zadu-library,papers/notes/2023-zadu-library.md,high,2026-02-13
papers/notes/pending-ref-046-neighborhood-preserving-embedding.md,Neighborhood preserving embedding,"X. He, D. Cai, S. Y an, and H.-J. Zhang",Tenth IEEE International Conference on Computer Vision (ICCV'05) Volume 1,2005,papers/raw/pending-references/pending-ref-046-2005-neighborhood-preserving-embedding.pdf,false,pending-references,paper-2009-comparative-review-dr-techniques,papers/notes/2009-comparative-review-dr-techniques.md,medium,2026-02-08
papers/notes/pending-ref-063-high-dimensional-labeled-data-analysis-with-topology-repre.md,High-dimensional labeled data analysis with topology representing graphs,Michaël Aupetit and Thibaud Catz,Proceedings of the IEEE,2005,papers/raw/pending-references/pending-ref-063-2005-high-dimensional-labeled-data-analysis-with-topology-representing-graphs.pdf,false,pending-references,paper-2019-mdp-visual-analytics-survey,papers/notes/2019-mdp-visual-analytics-survey.md,medium,2026-02-08
papers/notes/pending-ref-164-neighborhoodpreserving-embedding.md,Neighborhoodpreserving embedding,"HeX,CaiD,YanS,ZhangH",UNKNOWN,2005,papers/raw/pending-references/pending-ref-164-2005-neighborhoodpreserving-embedding.pdf,false,pending-references,paper-2015-gisbrecht-nonlinear-dr-visualization,papers/notes/2015-gisbrecht-nonlinear-dr-visualization.md,medium,2026-02-08
papers/notes/zadu-ref-09-supervised-nonlinear-dimensionality-reduction-for-visualization-and-classificati.md,Supervised Nonlinear Dimensionality Reduction for Visualization and Classification,Xin Geng; De-Chuan Zhan; Zhi-Hua Zhou,"IEEE Transactions on Systems, Man, and Cybernetics - Part B",2005,papers/raw/zadu-table1-references/Supervised_nonlinear_dimensionality_reduction_for_visualization_and_classification.pdf,false,zadu-table1-references,paper-2023-zadu-library,papers/notes/2023-zadu-library.md,high,2026-02-13
papers/notes/pending-ref-069-principal-manifolds-and-nonlinear-dimensionality-reduction.md,Principal manifolds and nonlinear dimensionality reduction via tangent space alignment,Z. Zhang and H. Zha,Journal of Shanghai University (English Edition),2004,papers/raw/pending-references/pending-ref-069-2004-principal-manifolds-and-nonlinear-dimensionality-reduction-via-tangent-space-alignmen.pdf,false,pending-references,paper-2019-mdp-visual-analytics-survey,papers/notes/2019-mdp-visual-analytics-survey.md,medium,2026-02-08
papers/notes/pending-ref-082-learning-a-kernel-matrix-for-nonlinear-dimensionality-redu.md,Learning a kernel matrix for nonlinear dimensionality reduction,"K. Q. Weinberger, F. Sha, and L. K. Saul",Proceedings of the IEEE,2004,papers/raw/pending-references/pending-ref-082-2004-learning-a-kernel-matrix-for-nonlinear-dimensionality-reduction.pdf,false,pending-references,paper-2009-comparative-review-dr-techniques,papers/notes/2009-comparative-review-dr-techniques.md,medium,2026-02-08
papers/notes/pending-ref-083-locality-preserving-projections.md,Uncorrelated Locality Preserving Projections,X. He and P. Niyogi,2008 11th IEEE Singapore International Conference on Communication Systems,2004,papers/raw/pending-references/pending-ref-083-2004-locality-preserving-projections.pdf,false,pending-references,paper-2015-gisbrecht-nonlinear-dr-visualization,papers/notes/2015-gisbrecht-nonlinear-dr-visualization.md,medium,2026-02-08
papers/notes/pending-ref-136-survey-and-comparison-of-quality-measures-for-selforganizi.md,Survey and comparison of quality measures for selforganizing maps,G. P €olzlbauer,Annals of Data Science,2004,papers/raw/pending-references/pending-ref-136-2004-survey-and-comparison-of-quality-measures-for-selforganizing-maps.pdf,false,pending-references,paper-2021-quantitative-survey-dr-techniques,papers/notes/2021-quantitative-survey-dr-techniques.md,medium,2026-02-08
papers/notes/pending-ref-155-fast-stochastic-neighbor-embedding-a-trust-region-algorith.md,Fast Stochastic Neighbor Embedding: A trust-region algorithm,"K. Nam, H. Je, and S. Choi",Computational Social Networks,2004,papers/raw/pending-references/pending-ref-155-2004-fast-stochastic-neighbor-embedding-a-trust-region-algorithm.pdf,false,pending-references,paper-2009-comparative-review-dr-techniques,papers/notes/2009-comparative-review-dr-techniques.md,medium,2026-02-08
papers/notes/pending-ref-184-principal-manifolds-and-nonlinear-dimensionality-reduction.md,Principal Manifolds and Nonlinear Dimensionality Reduction via Tangent Space Alignment SIAM J,REDUCTION VIA LOCAL T ANGENT SP ACE ALIGNMENT,Journal of Shanghai University (English Edition),2004,papers/raw/pending-references/pending-ref-184-2004-principal-manifolds-and-nonlinear-dimensionality-reduction-via-tangent-space-alignmen.pdf,false,pending-references,paper-2014-sorzano-survey-dr-techniques,papers/notes/2014-sorzano-survey-dr-techniques.md,medium,2026-02-08
papers/notes/pending-extra-a-geodesic-framework-a-geodesic-framework-for-analyzing-molecular-similarities.md,A Geodesic Framework for Analyzing Molecular Similarities,"Dimitris K. Agrafiotis, Huafeng Xu",Journal of Chemical Information and Computer Sciences,2003,papers/raw/pending-references/a-geodesic-framework-for-analyzing-molecular-similarities.pdf,false,pending-references,paper-2025-jeon-reliable-va-survey,papers/notes/2025-jeon-reliable-va-survey.md,medium,2026-02-08
papers/notes/pending-extra-donoho-grimes-2003-h-donoho-grimes-2003-hessian-eigenmaps-locally-linear-embedd.md,Hessian eigenmaps: Locally linear embedding techniques for high-dimensional data,"David L. Donoho, Carrie Grimes",Proceedings of the National Academy of Sciences,2003,papers/raw/pending-references/donoho-grimes-2003-hessian-eigenmaps-locally-linear-embedding-techniques-for-high-dimensional-data.pdf,false,pending-references,paper-2025-jeon-reliable-va-survey,papers/notes/2025-jeon-reliable-va-survey.md,medium,2026-02-08
papers/notes/pending-ref-073-trustworthiness-and-metrics-in-visualizing-similarity-of-g.md,Trustworthiness and metrics in visualizing similarity of gene expression,"S. Kaski, J. Nikkil €a, M. Oja, J. Venna, P. T €or€onen, and E. Castr /C19en",BMC Bioinformatics,2003,papers/raw/pending-references/pending-ref-073-2003-trustworthiness-and-metrics-in-visualizing-similarity-of-gene-expression.pdf,false,pending-references,paper-2015-perception-based-projection-evaluation,papers/notes/2015-perception-based-projection-evaluation.md,medium,2026-02-08
papers/notes/pending-ref-117-random-projection-for-high-dimensional-data-clustering-a-c.md,Random projection for high dimensional data clustering: A cluster ensemble approach,X. Z. Fern and C. E. Brodley,International Journal of Database Theory and Application,2003,papers/raw/pending-references/pending-ref-117-2003-random-projection-for-high-dimensional-data-clustering-a-cluster-ensemble-approach.pdf,false,pending-references,paper-2017-random-projection-survey,papers/notes/2017-random-projection-survey.md,medium,2026-02-08
papers/notes/pending-ref-014-charting-a-manifold.md,Charting a manifold,M. Brand,UNKNOWN,2002,papers/raw/pending-references/pending-ref-014-2002-charting-a-manifold.pdf,false,pending-references,paper-2009-comparative-review-dr-techniques,papers/notes/2009-comparative-review-dr-techniques.md,medium,2026-02-08
papers/notes/pending-ref-088-global-versus-local-methods-in-nonlinear-dimensionality-re.md,Global Versus Local Methods in Nonlinear Dimensionality Reduction,Vin Silva and Joshua Tenenbaum,UNKNOWN,2002,papers/raw/pending-references/pending-ref-088-2002-global-versus-local-methods-in-nonlinear-dimensionality-reduction.pdf,false,pending-references,paper-2019-mdp-visual-analytics-survey,papers/notes/2019-mdp-visual-analytics-survey.md,medium,2026-02-08
papers/notes/pending-ref-090-a-survey-of-visualizations-for-high-dimensional-data-minin.md,A survey of visualizations for high-dimensional data mining,P. Hoffman and G. Grinstein,Nature Methods,2002,papers/raw/pending-references/pending-ref-090-2002-a-survey-of-visualizations-for-high-dimensional-data-mining.pdf,false,pending-references,paper-2021-quantitative-survey-dr-techniques,papers/notes/2021-quantitative-survey-dr-techniques.md,medium,2026-02-08
papers/notes/pending-ref-186-a-survey-of-dimension-reduction-techniques-lawrence-liverm.md,A survey of dimension reduction techniques Lawrence Livermore Natl,"Diego Martinez, Randy M Berka, Bernard Henrissat, Markku Saloheimo, Mikko Arvas, Scott E Baker, Jarod Chapman, Olga Chertkov, Pedro M Coutinho, Dan Cullen, Etienne G J Danchin, Igor V Grigoriev",Nature Biotechnology,2002,papers/raw/pending-references/pending-ref-186-2002-a-survey-of-dimension-reduction-techniques-lawrence-livermore-natl.pdf,false,pending-references,paper-2014-sorzano-survey-dr-techniques,papers/notes/2014-sorzano-survey-dr-techniques.md,medium,2026-02-08
papers/notes/zadu-ref-17-ref13-stochastic-neighbor-embedding.md,Stochastic Neighbor Embedding,Geoffrey E. Hinton; Sam T. Roweis,Advances in Neural Information Processing Systems (NIPS 15),2002,papers/raw/zadu-table1-references/ref13_stochastic_neighbor_embedding.pdf,false,zadu-table1-references,paper-2023-zadu-library,papers/notes/2023-zadu-library.md,high,2026-02-13
papers/notes/pending-extra-1-s2-0-s003132039900-1-s2-0-s0031320399000783-main.md,Data visualization by multidimensional scaling: a deterministic annealing approach,"Hansjoerg Klock, Joachim M. Buhmann",Pattern Recognition,2000,papers/raw/pending-references/1-s2.0-S0031320399000783-main.pdf,false,pending-references,paper-2025-jeon-reliable-va-survey,papers/notes/2025-jeon-reliable-va-survey.md,medium,2026-02-08
papers/notes/pending-extra-science-290-5500-231-science-290-5500-2319.md,A Global Geometric Framework for Nonlinear Dimensionality Reduction,"Joshua B. Tenenbaum, Vin de Silva, John C. Langford",Science,2000,papers/raw/pending-references/science.290.5500.2319.pdf,false,pending-references,paper-2025-jeon-reliable-va-survey,papers/notes/2025-jeon-reliable-va-survey.md,medium,2026-02-08
papers/notes/pending-extra-weinberger05a-weinberger05a.md,Nonlinear Dimensionality Reduction by Semideﬁnite Programming and Kernel Matrix Factorization,Programming and Kernel Matrix Factorization,UNKNOWN,2000,papers/raw/pending-references/weinberger05a.pdf,false,pending-references,paper-2025-jeon-reliable-va-survey,papers/notes/2025-jeon-reliable-va-survey.md,medium,2026-02-08
papers/notes/pending-ref-008-nonlinear-dimensionality-reduction-by-locally-linear-embed.md,Nonlinear Dimensionality Reduction by Locally Linear Embedding,Sam T. Roweis and Lawrence K. Saul,Science,2000,papers/raw/pending-references/pending-ref-008-2000-nonlinear-dimensionality-reduction-by-locally-linear-embedding.pdf,false,pending-references,paper-2015-gisbrecht-nonlinear-dr-visualization,papers/notes/2015-gisbrecht-nonlinear-dr-visualization.md,medium,2026-02-08
papers/notes/pending-ref-064-experiments-with-random-projection.md,Experiments with random projection,S. Dasgupta,UNKNOWN,2000,papers/raw/pending-references/pending-ref-064-2000-experiments-with-random-projection.pdf,false,pending-references,paper-2017-random-projection-survey,papers/notes/2017-random-projection-survey.md,medium,2026-02-08
papers/notes/pending-ref-089-a-new-method-of-generalizing-sammon-mapping-with-applicati.md,A new method of generalizing Sammon mapping with application to algorithm speed-up,"E. Pekalska, D. de Ridder, R. P. W. Duin, and M. A. Kraaijveld",IEEE Transactions on Pattern Analysis and Machine Intelligence,1999,papers/raw/pending-references/pending-ref-089-1999-a-new-method-of-generalizing-sammon-mapping-with-application-to-algorithm-speed-up.pdf,false,pending-references,paper-2019-mdp-visual-analytics-survey,papers/notes/2019-mdp-visual-analytics-survey.md,medium,2026-02-08
papers/notes/zadu-ref-10-download-2.md,Quantifying the Neighborhood Preservation of Self-Organizing Feature Maps,H.-U. Bauer; K. Pawelzik,IEEE Transactions on Neural Networks,1992,papers/raw/zadu-table1-references/download (2).pdf,false,zadu-table1-references,paper-2023-zadu-library,papers/notes/2023-zadu-library.md,medium,2026-02-13
papers/notes/pending-extra-friedman-exploratory-friedman-exploratoryprojectionpursuit-1987.md,Friedman-ExploratoryProjectionPursuit-1987,Exploratory Projection Pursuit,UNKNOWN,1987,papers/raw/pending-references/Friedman-ExploratoryProjectionPursuit-1987.pdf,false,pending-references,paper-2025-jeon-reliable-va-survey,papers/notes/2025-jeon-reliable-va-survey.md,medium,2026-02-08
papers/notes/zadu-ref-12-kruskal-1964a.md,Multidimensional scaling by optimizing goodness of fit to a nonmetric hypothesis,J. B. Kruskal,Psychometrika,1964,papers/raw/zadu-table1-references/kruskal_1964a.pdf,false,zadu-table1-references,paper-2023-zadu-library,papers/notes/2023-zadu-library.md,high,2026-02-13
