note,source_pdf,source_exists,evidence_total,exact_ref_page,exact_other_page,fuzzy_ref_page,fuzzy_other_page,not_found,invalid_page,skipped
papers/notes/2009-comparative-review-dr-techniques.md,papers/raw/Dimensionality_Reduction_A_Comparative_Review.pdf,True,6,3,0,3,0,0,0,0
papers/notes/2011-hamann-survey-dimension-reduction.md,papers/raw/OASIcs.VLUDS.2011.135.pdf,True,6,2,0,4,0,0,0,0
papers/notes/2012-sedlmair-dr-in-the-wild.md,papers/raw/sedlmair2012tr.pdf,True,8,4,0,4,0,0,0,0
papers/notes/2014-brehmer-task-sequences.md,papers/raw/2669557.2669559.pdf,True,6,3,0,3,0,0,0,0
papers/notes/2014-sorzano-survey-dr-techniques.md,papers/raw/1403.2877v1.pdf,True,6,5,0,1,0,0,0,0
papers/notes/2015-gisbrecht-nonlinear-dr-visualization.md,papers/raw/WIREs Data Min   Knowl - 2015 - Gisbrecht - Data visualization by nonlinear dimensionality reduction.pdf,True,6,2,0,4,0,0,0,0
papers/notes/2015-perception-based-projection-evaluation.md,papers/raw/Perception-Based_Evaluation_of_Projection_Methods_for_Multidimensional_Data_Visualization (1).pdf,True,6,3,0,3,0,0,0,0
papers/notes/2017-random-projection-survey.md,papers/raw/1706.04371v4.pdf,True,6,5,0,1,0,0,0,0
papers/notes/2019-mdp-visual-analytics-survey.md,papers/raw/Multidimensional_Projection_for_Visual_Analytics_Linking_Techniques_with_Distortions_Tasks_and_Layout_Enrichment (1).pdf,True,8,6,0,2,0,0,0,0
papers/notes/2019-spectral-overlap-quality-metrics.md,papers/raw/1907.01974v2.pdf,True,6,3,0,3,0,0,0,0
papers/notes/2020-kobak-initialization-tsne-umap.md,papers/raw/s41587-020-00809-z (5).pdf,True,6,3,0,3,0,0,0,0
papers/notes/2021-quantitative-survey-dr-techniques.md,papers/raw/Toward_a_Quantitative_Survey_of_Dimension_Reduction_Techniques (1).pdf,True,6,2,0,4,0,0,0,0
papers/notes/2022-revisiting-dr-visual-cluster-analysis.md,papers/raw/Revisiting_Dimensionality_Reduction_Techniques_for_Visual_Cluster_Analysis_An_Empirical_Study.pdf,True,8,3,0,5,0,0,0,0
papers/notes/2023-zadu-library.md,papers/raw/ZADU_A_Python_Library_for_Evaluating_the_Reliability_of_Dimensionality_Reduction_Embeddings.pdf,True,5,1,0,4,0,0,0,0
papers/notes/2024-large-scale-text-spatialization.md,papers/raw/Large-Scale_Evaluation_of_Topic_Models_and_Dimensionality_Reduction_Methods_for_2D_Text_Spatialization.pdf,True,8,7,0,1,0,0,0,0
papers/notes/2025-critical-analysis-dr-four-domains.md,papers/raw/A_Critical_Analysis_of_the_Usage_of_Dimensionality_Reduction_in_Four_Domains (12).pdf,True,6,3,0,3,0,0,0,0
papers/notes/2025-jeon-reliable-va-survey.md,papers/raw/jeon25chi (4).pdf,True,6,5,0,1,0,0,0,0
papers/notes/2026-zadu-readme-warning.md,https://github.com/hj-n/zadu/blob/master/README.md,False,0,0,0,0,0,0,0,0
papers/notes/2506.08725v2-stop-misusing-tsne-umap.md,papers/raw/2506.08725v2.pdf,True,6,6,0,0,0,0,0,0
papers/notes/pending-extra-1-s2-0-s003132039900-1-s2-0-s0031320399000783-main.md,papers/raw/pending-references/1-s2.0-S0031320399000783-main.pdf,True,8,8,0,0,0,0,0,0
papers/notes/pending-extra-1-s2-0-s016786551000-1-s2-0-s0167865510001364-main.md,papers/raw/pending-references/1-s2.0-S0167865510001364-main.pdf,True,8,8,0,0,0,0,0,0
papers/notes/pending-extra-1-s2-0-s092523120600-1-s2-0-s0925231206004814-main.md,papers/raw/pending-references/1-s2.0-S0925231206004814-main.pdf,True,8,8,0,0,0,0,0,0
papers/notes/pending-extra-1-s2-0-s092523121401-1-s2-0-s0925231214012867-main.md,papers/raw/pending-references/1-s2.0-S0925231214012867-main.pdf,True,8,7,0,1,0,0,0,0
papers/notes/pending-extra-1-s2-0-s092523121401-1-s2-0-s0925231214012909-main.md,papers/raw/pending-references/1-s2.0-S0925231214012909-main.pdf,True,8,8,0,0,0,0,0,0
papers/notes/pending-extra-1-s2-0-s147692711630-1-s2-0-s1476927116304108-main.md,papers/raw/pending-references/1-s2.0-S1476927116304108-main.pdf,True,8,8,0,0,0,0,0,0
papers/notes/pending-extra-1-s2-0-s187705091100-1-s2-0-s1877050911001141-main.md,papers/raw/pending-references/1-s2.0-S1877050911001141-main.pdf,True,8,8,0,0,0,0,0,0
papers/notes/pending-extra-10-5923-j-ajsp-20130-10-5923-j-ajsp-20130303-01.md,papers/raw/pending-references/10.5923.j.ajsp.20130303.01.pdf,True,8,7,0,1,0,0,0,0
papers/notes/pending-extra-1403-0700v1-1403-0700v1.md,papers/raw/pending-references/1403.0700v1.pdf,True,8,8,0,0,0,0,0,0
papers/notes/pending-extra-2669557-2669578-2669557-2669578.md,papers/raw/pending-references/2669557.2669578.pdf,True,8,8,0,0,0,0,0,0
papers/notes/pending-extra-72608-72608.md,papers/raw/pending-references/72608.pdf,True,8,8,0,0,0,0,0,0
papers/notes/pending-extra-a-geodesic-framework-a-geodesic-framework-for-analyzing-molecular-similarities.md,papers/raw/pending-references/a-geodesic-framework-for-analyzing-molecular-similarities.pdf,True,8,8,0,0,0,0,0,0
papers/notes/pending-extra-bbs017-bbs017.md,papers/raw/pending-references/bbs017.pdf,True,8,8,0,0,0,0,0,0
papers/notes/pending-extra-clustered-nystrm-met-clustered-nystrm-method-for-large-scale-manifold-learning.md,papers/raw/pending-references/Clustered_Nystrm_Method_for_Large_Scale_Manifold_Learning_and_Dimension_Reduction.pdf,True,8,8,0,0,0,0,0,0
papers/notes/pending-extra-computer-graphics-fo-computer-graphics-forum-2015-rieck-persistent-homology-for.md,papers/raw/pending-references/Computer Graphics Forum - 2015 - Rieck - Persistent Homology for the Evaluation of Dimensionality Reduction Schemes.pdf,True,8,8,0,0,0,0,0,0
papers/notes/pending-extra-donoho-grimes-2003-h-donoho-grimes-2003-hessian-eigenmaps-locally-linear-embedd.md,papers/raw/pending-references/donoho-grimes-2003-hessian-eigenmaps-locally-linear-embedding-techniques-for-high-dimensional-data.pdf,True,8,8,0,0,0,0,0,0
papers/notes/pending-extra-explainers-expert-ex-explainers-expert-explorations-with-crafted-projections.md,papers/raw/pending-references/Explainers_Expert_Explorations_with_Crafted_Projections.pdf,True,8,8,0,0,0,0,0,0
papers/notes/pending-extra-fernstad-et-al-2012-fernstad-et-al-2012-quality-based-guidance-for-exploratory.md,papers/raw/pending-references/fernstad-et-al-2012-quality-based-guidance-for-exploratory-dimensionality-reduction.pdf,True,8,8,0,0,0,0,0,0
papers/notes/pending-extra-friedman-exploratory-friedman-exploratoryprojectionpursuit-1987.md,papers/raw/pending-references/Friedman-ExploratoryProjectionPursuit-1987.pdf,True,8,6,0,2,0,0,0,0
papers/notes/pending-extra-ilamp-exploring-high-ilamp-exploring-high-dimensional-spacing-through-backward.md,papers/raw/pending-references/iLAMP_Exploring_high-dimensional_spacing_through_backward_multidimensional_projection.pdf,True,8,8,0,0,0,0,0,0
papers/notes/pending-extra-large-manifold-book-large-manifold-book-chapter.md,papers/raw/pending-references/large_manifold_book_chapter.pdf,True,8,8,0,0,0,0,0,0
papers/notes/pending-extra-least-square-project-least-square-projection-a-fast-high-precision-multidimensi.md,papers/raw/pending-references/Least_Square_Projection_A_Fast_High-Precision_Multidimensional_Projection_Technique_and_Its_Application_to_Document_Mapping (1).pdf,True,8,8,0,0,0,0,0,0
papers/notes/pending-extra-medical-physics-2009-medical-physics-2009-jamieson-exploring-nonlinear-feature.md,papers/raw/pending-references/Medical Physics - 2009 - Jamieson - Exploring nonlinear feature space dimension reduction and data representation in breast.pdf,True,8,8,0,0,0,0,0,0
papers/notes/pending-extra-nmap-a-novel-neighbo-nmap-a-novel-neighborhood-preservation-space-filling-algor.md,papers/raw/pending-references/Nmap_A_Novel_Neighborhood_Preservation_Space-filling_Algorithm.pdf,True,8,8,0,0,0,0,0,0
papers/notes/pending-extra-orthogonal-neighborh-orthogonal-neighborhood-preserving-projections-a-projectio.md,papers/raw/pending-references/Orthogonal_Neighborhood_Preserving_Projections_A_Projection-Based_Dimensionality_Reduction_Technique.pdf,True,8,8,0,0,0,0,0,0
papers/notes/pending-extra-probing-projections-probing-projections-interaction-techniques-for-interpretin.md,papers/raw/pending-references/Probing_Projections_Interaction_Techniques_for_Interpreting_Arrangements_and_Errors_of_Dimensionality_Reductions.pdf,True,8,8,0,0,0,0,0,0
papers/notes/pending-extra-rkharal2006-rkharal2006.md,papers/raw/pending-references/rkharal2006.pdf,True,8,6,0,2,0,0,0,0
papers/notes/pending-extra-s13042-021-01307-7-s13042-021-01307-7.md,papers/raw/pending-references/s13042-021-01307-7.pdf,True,8,7,0,1,0,0,0,0
papers/notes/pending-extra-s40537-021-00444-8-s40537-021-00444-8.md,papers/raw/pending-references/s40537-021-00444-8.pdf,True,8,8,0,0,0,0,0,0
papers/notes/pending-extra-science-290-5500-231-science-290-5500-2319.md,papers/raw/pending-references/science.290.5500.2319.pdf,True,8,8,0,0,0,0,0,0
papers/notes/pending-extra-topoinvis2015-topoinvis2015.md,papers/raw/pending-references/TopoInVis2015.pdf,True,8,8,0,0,0,0,0,0
papers/notes/pending-extra-weinberger05a-weinberger05a.md,papers/raw/pending-references/weinberger05a.pdf,True,8,8,0,0,0,0,0,0
papers/notes/pending-ref-002-empirical-guidance-on-scatterplot-and-dimension-reduction.md,papers/raw/pending-references/pending-ref-002-2013-empirical-guidance-on-scatterplot-and-dimension-reduction-technique-choices.pdf,True,8,8,0,0,0,0,0,0
papers/notes/pending-ref-004-information-retrieval-perspective-to-nonlinear-dimensional.md,papers/raw/pending-references/pending-ref-004-2010-information-retrieval-perspective-to-nonlinear-dimensionality-reduction-for-data-visu.pdf,True,8,8,0,0,0,0,0,0
papers/notes/pending-ref-006-visual-analysis-of-dimensionality-reduction-quality-for-pa.md,papers/raw/pending-references/pending-ref-006-2014-visual-analysis-of-dimensionality-reduction-quality-for-parameterized-projections.pdf,True,8,8,0,0,0,0,0,0
papers/notes/pending-ref-007-a-perception-driven-approach-to-supervised-dimensionality.md,papers/raw/pending-references/pending-ref-007-2018-a-perception-driven-approach-to-supervised-dimensionality-reduction-for-visualization.pdf,True,8,8,0,0,0,0,0,0
papers/notes/pending-ref-008-nonlinear-dimensionality-reduction-by-locally-linear-embed.md,papers/raw/pending-references/pending-ref-008-2000-nonlinear-dimensionality-reduction-by-locally-linear-embedding.pdf,True,8,7,0,1,0,0,0,0
papers/notes/pending-ref-009-uniform-manifold-approximation-with-two-phase-optimization.md,papers/raw/pending-references/pending-ref-009-2022-uniform-manifold-approximation-with-two-phase-optimization.pdf,True,8,7,0,1,0,0,0,0
papers/notes/pending-ref-010-a-taxonomy-of-visual-cluster-separation-factors.md,papers/raw/pending-references/pending-ref-010-2012-a-taxonomy-of-visual-cluster-separation-factors.pdf,True,8,6,0,2,0,0,0,0
papers/notes/pending-ref-012-quality-metrics-in-high-dimensional-data-visualization-an.md,papers/raw/pending-references/pending-ref-012-2011-quality-metrics-in-high-dimensional-data-visualization-an-overview-and-systematizatio.pdf,True,8,6,0,2,0,0,0,0
papers/notes/pending-ref-013-a-survey-of-dimension-reduction-methods-for-high-dimension.md,papers/raw/pending-references/pending-ref-013-2012-a-survey-of-dimension-reduction-methods-for-high-dimensional-data-analysis-and-visual.pdf,True,8,6,0,2,0,0,0,0
papers/notes/pending-ref-014-charting-a-manifold.md,papers/raw/pending-references/pending-ref-014-2002-charting-a-manifold.pdf,True,8,8,0,0,0,0,0,0
papers/notes/pending-ref-015-feature-learning-for-nonlinear-dimensionality-reduction-to.md,papers/raw/pending-references/pending-ref-015-2023-feature-learning-for-nonlinear-dimensionality-reduction-toward-maximal-extraction-of.pdf,True,8,8,0,0,0,0,0,0
papers/notes/pending-ref-016-visual-interaction-with-dimensionality-reduction-a-structu.md,papers/raw/pending-references/pending-ref-016-2017-visual-interaction-with-dimensionality-reduction-a-structured-literature-analysis.pdf,True,8,7,0,1,0,0,0,0
papers/notes/pending-ref-018-a-general-framework-for-dimensionality-reducing-data-visua.md,papers/raw/pending-references/pending-ref-018-2012-a-general-framework-for-dimensionality-reducing-data-visualization-mapping.pdf,True,8,7,0,1,0,0,0,0
papers/notes/pending-ref-019-local-multidimensional-scaling.md,papers/raw/pending-references/pending-ref-019-2006-local-multidimensional-scaling.pdf,True,8,7,0,1,0,0,0,0
papers/notes/pending-ref-021-axisketcher-interactive-nonlinear-axis-mapping-of-visualiz.md,papers/raw/pending-references/pending-ref-021-2017-axisketcher-interactive-nonlinear-axis-mapping-of-visualizations-through-user-drawing.pdf,True,8,8,0,0,0,0,0,0
papers/notes/pending-ref-022-human-cluster-evaluation-and-formal-quality-measures-a-com.md,papers/raw/pending-references/pending-ref-022-2012-human-cluster-evaluation-and-formal-quality-measures-a-comparative-study.pdf,True,8,6,0,2,0,0,0,0
papers/notes/pending-ref-023-visual-quality-metrics-and-human-perception-an-initial-stu.md,papers/raw/pending-references/pending-ref-023-2010-visual-quality-metrics-and-human-perception-an-initial-study-on-2d-projections-of-lar.pdf,True,8,7,0,1,0,0,0,0
papers/notes/pending-ref-024-viscoder-a-tool-for-visually-comparing-dimensionality-redu.md,papers/raw/pending-references/pending-ref-024-2018-viscoder-a-tool-for-visually-comparing-dimensionality-reduction-algorithms.pdf,True,8,8,0,0,0,0,0,0
papers/notes/pending-ref-026-umap-uniform-manifold-approximation-and-projection-for-dim.md,papers/raw/pending-references/pending-ref-026-2020-umap-uniform-manifold-approximation-and-projection-for-dimension-reduction.pdf,True,8,8,0,0,0,0,0,0
papers/notes/pending-ref-027-perceptionbased-visual-quality-measures.md,papers/raw/pending-references/pending-ref-027-2011-perceptionbased-visual-quality-measures.pdf,True,8,8,0,0,0,0,0,0
papers/notes/pending-ref-028-visualizing-the-quality-of-dimensionality-reduction.md,papers/raw/pending-references/pending-ref-028-2013-visualizing-the-quality-of-dimensionality-reduction.pdf,True,8,8,0,0,0,0,0,0
papers/notes/pending-ref-029-stability-comparison-of-dimensionality-reduction-technique.md,papers/raw/pending-references/pending-ref-029-2013-stability-comparison-of-dimensionality-reduction-techniques-attending-to-data-and-par.pdf,True,8,8,0,0,0,0,0,0
papers/notes/pending-ref-030-interactive-dimensionality-reduction-for-comparative-analy.md,papers/raw/pending-references/pending-ref-030-2022-interactive-dimensionality-reduction-for-comparative-analysis.pdf,True,8,8,0,0,0,0,0,0
papers/notes/pending-ref-031-interactive-visual-cluster-analysis-by-contrastive-dimensi.md,papers/raw/pending-references/pending-ref-031-2022-interactive-visual-cluster-analysis-by-contrastive-dimensionality-reduction.pdf,True,8,8,0,0,0,0,0,0
papers/notes/pending-ref-032-dimensionality-reduction-for-visualizing-single-cell-data.md,papers/raw/pending-references/pending-ref-032-2019-dimensionality-reduction-for-visualizing-single-cell-data-using-umap.pdf,True,6,6,0,0,0,0,0,0
papers/notes/pending-ref-035-stress-maps-analysing-local-phenomena-in-dimensionality-re.md,papers/raw/pending-references/pending-ref-035-2010-stress-maps-analysing-local-phenomena-in-dimensionality-reduction-based-visualisation.pdf,True,8,8,0,0,0,0,0,0
papers/notes/pending-ref-037-attribute-based-visual-explanation-of-multidimensional-pro.md,papers/raw/pending-references/pending-ref-037-2015-attribute-based-visual-explanation-of-multidimensional-projections.pdf,True,8,8,0,0,0,0,0,0
papers/notes/pending-ref-039-assessing-singlecell-transcriptomic-variability-through-de.md,papers/raw/pending-references/pending-ref-039-2021-assessing-singlecell-transcriptomic-variability-through-density-preserving-data-visua.pdf,True,8,8,0,0,0,0,0,0
papers/notes/pending-ref-040-tvisne-interactive-assessment-and-interpretation-of-t-sne.md,papers/raw/pending-references/pending-ref-040-2020-tvisne-interactive-assessment-and-interpretation-of-t-sne-projections.pdf,True,8,8,0,0,0,0,0,0
papers/notes/pending-ref-041-quantitative-evaluation-of-time-dependent-multidimensional.md,papers/raw/pending-references/pending-ref-041-2020-quantitative-evaluation-of-time-dependent-multidimensional-projection-techniques.pdf,True,8,8,0,0,0,0,0,0
papers/notes/pending-ref-043-local-procrustes-for-manifold-embedding-a-measure-of-embed.md,papers/raw/pending-references/pending-ref-043-2009-local-procrustes-for-manifold-embedding-a-measure-of-embedding-quality-and-embedding.pdf,True,8,8,0,0,0,0,0,0
papers/notes/pending-ref-044-classimap-a-new-dimension-reduction-technique-for-explorat.md,papers/raw/pending-references/pending-ref-044-2015-classimap-a-new-dimension-reduction-technique-for-exploratory-data-analysis-of-labele.pdf,True,8,5,0,3,0,0,0,0
papers/notes/pending-ref-045-a-behavioral-investigation-of-dimensionality-reduction.md,papers/raw/pending-references/pending-ref-045-2012-a-behavioral-investigation-of-dimensionality-reduction.pdf,True,8,8,0,0,0,0,0,0
papers/notes/pending-ref-046-neighborhood-preserving-embedding.md,papers/raw/pending-references/pending-ref-046-2005-neighborhood-preserving-embedding.pdf,True,8,6,0,2,0,0,0,0
papers/notes/pending-ref-047-visualizing-dimensionality-reduction-artifacts-an-evaluati.md,papers/raw/pending-references/pending-ref-047-2017-visualizing-dimensionality-reduction-artifacts-an-evaluation.pdf,True,8,8,0,0,0,0,0,0
papers/notes/pending-ref-048-linear-dimensionality-reduction-survey-insights-and-genera.md,papers/raw/pending-references/pending-ref-048-2015-linear-dimensionality-reduction-survey-insights-and-generalizations.pdf,True,8,8,0,0,0,0,0,0
papers/notes/pending-ref-049-dimreader-axis-lines-that-explain-non-linear-projections.md,papers/raw/pending-references/pending-ref-049-2019-dimreader-axis-lines-that-explain-non-linear-projections.pdf,True,8,8,0,0,0,0,0,0
papers/notes/pending-ref-051-explaining-neighborhood-preservation-for-multidimensional.md,papers/raw/pending-references/pending-ref-051-2015-explaining-neighborhood-preservation-for-multidimensional-projections.pdf,True,8,8,0,0,0,0,0,0
papers/notes/pending-ref-052-distortion-aware-brushing-for-interactive-cluster-analysis.md,papers/raw/pending-references/pending-ref-052-2022-distortion-aware-brushing-for-interactive-cluster-analysis-in-multidimensional-projec.pdf,True,8,8,0,0,0,0,0,0
papers/notes/pending-ref-053-analyzing-quality-measurements-for-dimensionality-reductio.md,papers/raw/pending-references/pending-ref-053-2023-analyzing-quality-measurements-for-dimensionality-reduction.pdf,True,8,8,0,0,0,0,0,0
papers/notes/pending-ref-054-a-large-scale-sensitivity-analysis-on-latent-embeddings-an.md,papers/raw/pending-references/pending-ref-054-2025-a-large-scale-sensitivity-analysis-on-latent-embeddings-and-dimensionality-reductions.pdf,True,8,8,0,0,0,0,0,0
papers/notes/pending-ref-055-hypernp-interactive-visual-exploration-of-multidimensional.md,papers/raw/pending-references/pending-ref-055-2022-hypernp-interactive-visual-exploration-of-multidimensional-projection-hyperparameters.pdf,True,8,8,0,0,0,0,0,0
papers/notes/pending-ref-056-selecting-and-sharing-multidimensional-projection-algorith.md,papers/raw/pending-references/pending-ref-056-2020-selecting-and-sharing-multidimensional-projection-algorithms-a-practical-view.pdf,True,8,8,0,0,0,0,0,0
papers/notes/pending-ref-057-quality-metrics-for-information-visualization.md,papers/raw/pending-references/pending-ref-057-2018-quality-metrics-for-information-visualization.pdf,True,8,7,0,1,0,0,0,0
papers/notes/pending-ref-060-proxilens-interactive-exploration-of-high-dimensional-data.md,papers/raw/pending-references/pending-ref-060-2013-proxilens-interactive-exploration-of-high-dimensional-data-using-projections.pdf,True,8,7,0,1,0,0,0,0
papers/notes/pending-ref-061-visne-enables-visualization-of-high-dimensional-single-cel.md,papers/raw/pending-references/pending-ref-061-2013-visne-enables-visualization-of-high-dimensional-single-cell-data-and-reveals-phenotyp.pdf,True,8,7,0,1,0,0,0,0
papers/notes/pending-ref-062-improving-the-visual-analysis-of-high-dimensional-datasets.md,papers/raw/pending-references/pending-ref-062-2010-improving-the-visual-analysis-of-high-dimensional-datasets-using-quality-measures.pdf,True,8,6,0,2,0,0,0,0
papers/notes/pending-ref-063-high-dimensional-labeled-data-analysis-with-topology-repre.md,papers/raw/pending-references/pending-ref-063-2005-high-dimensional-labeled-data-analysis-with-topology-representing-graphs.pdf,True,8,8,0,0,0,0,0,0
papers/notes/pending-ref-064-experiments-with-random-projection.md,papers/raw/pending-references/pending-ref-064-2000-experiments-with-random-projection.pdf,True,8,8,0,0,0,0,0,0
papers/notes/pending-ref-065-predicting-user-preferences-of-dimensionality-reduction-em.md,papers/raw/pending-references/pending-ref-065-2023-predicting-user-preferences-of-dimensionality-reduction-embedding-quality.pdf,True,8,7,0,1,0,0,0,0
papers/notes/pending-ref-067-ivisclassifier-an-interactive-visual-analytics-system-for.md,papers/raw/pending-references/pending-ref-067-2010-ivisclassifier-an-interactive-visual-analytics-system-for-classification-based-on-sup.pdf,True,8,8,0,0,0,0,0,0
papers/notes/pending-ref-068-nonlinear-dimensionality-reduction-and-data-visualization.md,papers/raw/pending-references/pending-ref-068-2007-nonlinear-dimensionality-reduction-and-data-visualization-a-review.pdf,True,8,7,0,1,0,0,0,0
papers/notes/pending-ref-069-principal-manifolds-and-nonlinear-dimensionality-reduction.md,papers/raw/pending-references/pending-ref-069-2004-principal-manifolds-and-nonlinear-dimensionality-reduction-via-tangent-space-alignmen.pdf,True,8,8,0,0,0,0,0,0
papers/notes/pending-ref-070-interpreting-high-dimensional-projections-with-capacity.md,papers/raw/pending-references/pending-ref-070-2024-interpreting-high-dimensional-projections-with-capacity.pdf,True,8,8,0,0,0,0,0,0
papers/notes/pending-ref-072-piecewise-laplacian-based-projection-for-interactive-data.md,papers/raw/pending-references/pending-ref-072-2011-piecewise-laplacian-based-projection-for-interactive-data-exploration-and-organizatio.pdf,True,8,8,0,0,0,0,0,0
papers/notes/pending-ref-073-trustworthiness-and-metrics-in-visualizing-similarity-of-g.md,papers/raw/pending-references/pending-ref-073-2003-trustworthiness-and-metrics-in-visualizing-similarity-of-gene-expression.pdf,True,8,8,0,0,0,0,0,0
papers/notes/pending-ref-077-assessing-single-cell-transcriptomic-variability-through-d.md,papers/raw/pending-references/pending-ref-077-2020-assessing-single-cell-transcriptomic-variability-through-density-preserving-data-visu.pdf,True,8,8,0,0,0,0,0,0
papers/notes/pending-ref-079-adaptive-manifold-learning.md,papers/raw/pending-references/pending-ref-079-2012-adaptive-manifold-learning.pdf,True,8,8,0,0,0,0,0,0
papers/notes/pending-ref-080-ipca-an-interactive-system-for-pca-based-visual-analytics.md,papers/raw/pending-references/pending-ref-080-2009-ipca-an-interactive-system-for-pca-based-visual-analytics.pdf,True,8,8,0,0,0,0,0,0
papers/notes/pending-ref-082-learning-a-kernel-matrix-for-nonlinear-dimensionality-redu.md,papers/raw/pending-references/pending-ref-082-2004-learning-a-kernel-matrix-for-nonlinear-dimensionality-reduction.pdf,True,8,8,0,0,0,0,0,0
papers/notes/pending-ref-083-locality-preserving-projections.md,papers/raw/pending-references/pending-ref-083-2004-locality-preserving-projections.pdf,True,8,7,0,1,0,0,0,0
papers/notes/pending-ref-086-understanding-attribute-variability-in-multidimensional-pr.md,papers/raw/pending-references/pending-ref-086-2016-understanding-attribute-variability-in-multidimensional-projections.pdf,True,8,6,0,2,0,0,0,0
papers/notes/pending-ref-087-explaining-three-dimensional-dimensionality-reduction-plot.md,papers/raw/pending-references/pending-ref-087-2016-explaining-three-dimensional-dimensionality-reduction-plots.pdf,True,8,8,0,0,0,0,0,0
papers/notes/pending-ref-088-global-versus-local-methods-in-nonlinear-dimensionality-re.md,papers/raw/pending-references/pending-ref-088-2002-global-versus-local-methods-in-nonlinear-dimensionality-reduction.pdf,True,8,8,0,0,0,0,0,0
papers/notes/pending-ref-089-a-new-method-of-generalizing-sammon-mapping-with-applicati.md,papers/raw/pending-references/pending-ref-089-1999-a-new-method-of-generalizing-sammon-mapping-with-application-to-algorithm-speed-up.pdf,True,8,8,0,0,0,0,0,0
papers/notes/pending-ref-090-a-survey-of-visualizations-for-high-dimensional-data-minin.md,papers/raw/pending-references/pending-ref-090-2002-a-survey-of-visualizations-for-high-dimensional-data-mining.pdf,True,8,6,0,2,0,0,0,0
papers/notes/pending-ref-091-guided-stable-dynamic-projections.md,papers/raw/pending-references/pending-ref-091-2021-guided-stable-dynamic-projections.pdf,True,8,8,0,0,0,0,0,0
papers/notes/pending-ref-092-dd-hds-a-method-for-visualization-and-exploration-of-high.md,papers/raw/pending-references/pending-ref-092-2007-dd-hds-a-method-for-visualization-and-exploration-of-high-dimensional-data.pdf,True,8,6,0,2,0,0,0,0
papers/notes/pending-ref-098-interpreting-distortions-in-dimensionality-reduction-by-su.md,papers/raw/pending-references/pending-ref-098-2019-interpreting-distortions-in-dimensionality-reduction-by-superimposing-neighbourhood-g.pdf,True,8,8,0,0,0,0,0,0
papers/notes/pending-ref-099-clams-a-cluster-ambiguity-measure-for-estimating-perceptua.md,papers/raw/pending-references/pending-ref-099-2024-clams-a-cluster-ambiguity-measure-for-estimating-perceptual-variability-in-visual-clu.pdf,True,12,12,0,0,0,0,0,0
papers/notes/pending-ref-100-a-new-embedding-quality-assessment-method-for-manifold-lea.md,papers/raw/pending-references/pending-ref-100-2012-a-new-embedding-quality-assessment-method-for-manifold-learning.pdf,True,8,8,0,0,0,0,0,0
papers/notes/pending-ref-101-trimap-large-scale-dimensionality-reduction-using-triplets.md,papers/raw/pending-references/pending-ref-101-2022-trimap-large-scale-dimensionality-reduction-using-triplets.pdf,True,8,8,0,0,0,0,0,0
papers/notes/pending-ref-102-combining-automated-analysis-and-visualization-techniques.md,papers/raw/pending-references/pending-ref-102-2009-combining-automated-analysis-and-visualization-techniques-for-effective-exploration-o.pdf,True,8,8,0,0,0,0,0,0
papers/notes/pending-ref-104-implicit-multidimensional-projection-of-local-subspaces.md,papers/raw/pending-references/pending-ref-104-2021-implicit-multidimensional-projection-of-local-subspaces.pdf,True,8,8,0,0,0,0,0,0
papers/notes/pending-ref-105-projection-inspector-assessment-and-synthesis-of-multidime.md,papers/raw/pending-references/pending-ref-105-2015-projection-inspector-assessment-and-synthesis-of-multidimensional-projections.pdf,True,8,7,0,1,0,0,0,0
papers/notes/pending-ref-108-dimred-and-coranking-unifying-dimensionality-reduction-in.md,papers/raw/pending-references/pending-ref-108-2018-dimred-and-coranking-unifying-dimensionality-reduction-in-r.pdf,True,8,7,0,1,0,0,0,0
papers/notes/pending-ref-109-evaluating-multi-dimensional-visualizations-for-understand.md,papers/raw/pending-references/pending-ref-109-2018-evaluating-multi-dimensional-visualizations-for-understanding-fuzzy-clusters.pdf,True,8,7,0,1,0,0,0,0
papers/notes/pending-ref-110-comparing-and-exploring-high-dimensional-data-with-dimensi.md,papers/raw/pending-references/pending-ref-110-2020-comparing-and-exploring-high-dimensional-data-with-dimensionality-reduction-algorithm.pdf,True,8,8,0,0,0,0,0,0
papers/notes/pending-ref-111-the-art-of-seeing-the-elephant-in-the-room-2d-embeddings-o.md,papers/raw/pending-references/pending-ref-111-2024-the-art-of-seeing-the-elephant-in-the-room-2d-embeddings-of-single-cell-data-do-make.pdf,True,8,8,0,0,0,0,0,0
papers/notes/pending-ref-113-t-visne-interactive-assessment-and-interpretation-of-t-sne.md,papers/raw/pending-references/pending-ref-113-2020-t-visne-interactive-assessment-and-interpretation-of-t-sne-projections.pdf,True,8,8,0,0,0,0,0,0
papers/notes/pending-ref-114-dimensionality-reduction-and-topic-modeling-from-latent-se.md,papers/raw/pending-references/pending-ref-114-2012-dimensionality-reduction-and-topic-modeling-from-latent-semantic-indexing-to-latent-d.pdf,True,8,7,0,1,0,0,0,0
papers/notes/pending-ref-117-random-projection-for-high-dimensional-data-clustering-a-c.md,papers/raw/pending-references/pending-ref-117-2003-random-projection-for-high-dimensional-data-clustering-a-cluster-ensemble-approach.pdf,True,8,8,0,0,0,0,0,0
papers/notes/pending-ref-118-understanding-bias-in-perceiving-dimensionality-reduction.md,papers/raw/pending-references/pending-ref-118-2025-understanding-bias-in-perceiving-dimensionality-reduction-projections.pdf,True,8,8,0,0,0,0,0,0
papers/notes/pending-ref-120-how-can-we-improve-data-quality-for-machine-learning-a-vis.md,papers/raw/pending-references/pending-ref-120-2023-how-can-we-improve-data-quality-for-machine-learning-a-visual-analytics-system-using.pdf,True,8,8,0,0,0,0,0,0
papers/notes/pending-ref-121-understanding-how-dimension-reduction-tools-work-an-empiri.md,papers/raw/pending-references/pending-ref-121-2021-understanding-how-dimension-reduction-tools-work-an-empirical-approach-to-deciphering.pdf,True,8,8,0,0,0,0,0,0
papers/notes/pending-ref-122-pive-per-iteration-visualization-environment-for-real-time.md,papers/raw/pending-references/pending-ref-122-2017-pive-per-iteration-visualization-environment-for-real-time-interactions-with-dimensio.pdf,True,8,8,0,0,0,0,0,0
papers/notes/pending-ref-123-hierarchical-stochastic-neighbor-embedding.md,papers/raw/pending-references/pending-ref-123-2016-hierarchical-stochastic-neighbor-embedding.pdf,True,8,8,0,0,0,0,0,0
papers/notes/pending-ref-125-a-methodology-to-compare-dimensionality-reduction-algorith.md,papers/raw/pending-references/pending-ref-125-2014-a-methodology-to-compare-dimensionality-reduction-algorithms-in-terms-of-loss-of-qual.pdf,True,8,8,0,0,0,0,0,0
papers/notes/pending-ref-126-quality-metrics-in-highdimensional-data-visualization-an-o.md,papers/raw/pending-references/pending-ref-126-2011-quality-metrics-in-highdimensional-data-visualization-an-overview-and-systematization.pdf,True,8,8,0,0,0,0,0,0
papers/notes/pending-ref-127-interactive-dimensionality-reduction-through-user-defined.md,papers/raw/pending-references/pending-ref-127-2009-interactive-dimensionality-reduction-through-user-defined-combinations-of-quality-met.pdf,True,8,6,0,2,0,0,0,0
papers/notes/pending-ref-129-ens-t-sne-embedding-neighborhoods-simultaneously-t-sne.md,papers/raw/pending-references/pending-ref-129-2024-ens-t-sne-embedding-neighborhoods-simultaneously-t-sne.pdf,True,8,8,0,0,0,0,0,0
papers/notes/pending-ref-130-mountaineer-topology-driven-visual-analytics-for-comparing.md,papers/raw/pending-references/pending-ref-130-2024-mountaineer-topology-driven-visual-analytics-for-comparing-local-explanations.pdf,True,8,7,0,1,0,0,0,0
papers/notes/pending-ref-132-doubly-supervised-embedding-based-on-class-labels-and-intr.md,papers/raw/pending-references/pending-ref-132-2015-doubly-supervised-embedding-based-on-class-labels-and-intrinsic-clusters-for-highdime.pdf,True,8,8,0,0,0,0,0,0
papers/notes/pending-ref-133-semi-random-projection-for-dimensionality-reduction-and-ex.md,papers/raw/pending-references/pending-ref-133-2015-semi-random-projection-for-dimensionality-reduction-and-extreme-learning-machine-in-h.pdf,True,8,8,0,0,0,0,0,0
papers/notes/pending-ref-136-survey-and-comparison-of-quality-measures-for-selforganizi.md,papers/raw/pending-references/pending-ref-136-2004-survey-and-comparison-of-quality-measures-for-selforganizing-maps.pdf,True,8,8,0,0,0,0,0,0
papers/notes/pending-ref-138-distortionaware-brushing-for-interactive-cluster-analysis.md,papers/raw/pending-references/pending-ref-138-2022-distortionaware-brushing-for-interactive-cluster-analysis-in-multidimensional-project.pdf,True,8,8,0,0,0,0,0,0
papers/notes/pending-ref-140-visual-analytics-using-multidimensional-projections.md,papers/raw/pending-references/pending-ref-140-2013-visual-analytics-using-multidimensional-projections.pdf,True,8,6,0,2,0,0,0,0
papers/notes/pending-ref-142-umato-bridging-local-and-global-structures-for-reliable-vi.md,papers/raw/pending-references/pending-ref-142-2025-umato-bridging-local-and-global-structures-for-reliable-visual-analytics-with-dimensi.pdf,True,8,8,0,0,0,0,0,0
papers/notes/pending-ref-143-v-a-embeddings-star-a-state-of-the-art-report-on-the-use-o.md,papers/raw/pending-references/pending-ref-143-2023-v-a-embeddings-star-a-state-of-the-art-report-on-the-use-of-embeddings-in-visual-anal.pdf,True,8,6,0,2,0,0,0,0
papers/notes/pending-ref-144-a-survey-of-visual-analytics-techniques-for-machine-learni.md,papers/raw/pending-references/pending-ref-144-2021-a-survey-of-visual-analytics-techniques-for-machine-learning.pdf,True,8,8,0,0,0,0,0,0
papers/notes/pending-ref-145-deep-learning-multidimensional-projections.md,papers/raw/pending-references/pending-ref-145-2020-deep-learning-multidimensional-projections.pdf,True,8,8,0,0,0,0,0,0
papers/notes/pending-ref-146-progressive-uniform-manifold-approximation-and-projection.md,papers/raw/pending-references/pending-ref-146-2020-progressive-uniform-manifold-approximation-and-projection.pdf,True,8,8,0,0,0,0,0,0
papers/notes/pending-ref-147-t-distributed-stochastic-neighbor-embedding-t-sne-a-tool-f.md,papers/raw/pending-references/pending-ref-147-2020-t-distributed-stochastic-neighbor-embedding-t-sne-a-tool-for-eco-physiological-transc.pdf,True,10,10,0,0,0,0,0,0
papers/notes/pending-ref-148-with-respect-to-what-simultaneous-interaction-with-dimensi.md,papers/raw/pending-references/pending-ref-148-2020-with-respect-to-what-simultaneous-interaction-with-dimension-reduction-and-clustering.pdf,True,8,8,0,0,0,0,0,0
papers/notes/pending-ref-153-user-centered-multidimensional-projection-techniques.md,papers/raw/pending-references/pending-ref-153-2012-user-centered-multidimensional-projection-techniques.pdf,True,8,6,0,2,0,0,0,0
papers/notes/pending-ref-154-recent-advances-in-nonlinear-dimensionality-reduction-mani.md,papers/raw/pending-references/pending-ref-154-2010-recent-advances-in-nonlinear-dimensionality-reduction-manifold-and-topological-learni.pdf,True,8,7,0,1,0,0,0,0
papers/notes/pending-ref-155-fast-stochastic-neighbor-embedding-a-trust-region-algorith.md,papers/raw/pending-references/pending-ref-155-2004-fast-stochastic-neighbor-embedding-a-trust-region-algorithm.pdf,True,8,8,0,0,0,0,0,0
papers/notes/pending-ref-158-loch-a-neighborhood-based-multidimensional-projection-tech.md,papers/raw/pending-references/pending-ref-158-2015-loch-a-neighborhood-based-multidimensional-projection-technique-for-highdimensional-s.pdf,True,8,8,0,0,0,0,0,0
papers/notes/pending-ref-159-orthogonal-neighborhood-preserving-projections-a-projectio.md,papers/raw/pending-references/pending-ref-159-2007-orthogonal-neighborhood-preserving-projections-a-projection-based-dimensionality-redu.pdf,True,8,8,0,0,0,0,0,0
papers/notes/pending-ref-161-steering-distortions-to-preserve-classes-and-neighbors-in.md,papers/raw/pending-references/pending-ref-161-2020-steering-distortions-to-preserve-classes-and-neighbors-in-supervised-dimensionality-r.pdf,True,8,8,0,0,0,0,0,0
papers/notes/pending-ref-162-rank-based-quality-assessment-of-nonlinear-dimensionality.md,papers/raw/pending-references/pending-ref-162-2008-rank-based-quality-assessment-of-nonlinear-dimensionality-reduction.pdf,True,8,8,0,0,0,0,0,0
papers/notes/pending-ref-164-neighborhoodpreserving-embedding.md,papers/raw/pending-references/pending-ref-164-2005-neighborhoodpreserving-embedding.pdf,True,8,8,0,0,0,0,0,0
papers/notes/pending-ref-166-projection-ensemble-visualizing-the-robust-structures-of-m.md,papers/raw/pending-references/pending-ref-166-2023-projection-ensemble-visualizing-the-robust-structures-of-multidimensional-projections.pdf,True,8,8,0,0,0,0,0,0
papers/notes/pending-ref-167-a-survey-of-perception-based-visualization-studies-by-task.md,papers/raw/pending-references/pending-ref-167-2022-a-survey-of-perception-based-visualization-studies-by-task.pdf,True,8,8,0,0,0,0,0,0
papers/notes/pending-ref-168-visexpres-a-visual-interactive-toolkit-for-user-driven-eva.md,papers/raw/pending-references/pending-ref-168-2022-visexpres-a-visual-interactive-toolkit-for-user-driven-evaluations-of-embeddings.pdf,True,8,8,0,0,0,0,0,0
papers/notes/pending-ref-169-horopca-hyperbolic-dimensionality-reduction-via-horospheri.md,papers/raw/pending-references/pending-ref-169-2021-horopca-hyperbolic-dimensionality-reduction-via-horospherical-projections.pdf,True,8,8,0,0,0,0,0,0
papers/notes/pending-ref-170-using-multiple-attribute-based-explanations-of-multidimens.md,papers/raw/pending-references/pending-ref-170-2021-using-multiple-attribute-based-explanations-of-multidimensional-projections-to-explor.pdf,True,8,8,0,0,0,0,0,0
papers/notes/pending-ref-171-solarview-low-distortion-radial-embedding-with-a-focus.md,papers/raw/pending-references/pending-ref-171-2019-solarview-low-distortion-radial-embedding-with-a-focus.pdf,True,8,7,0,1,0,0,0,0
papers/notes/pending-ref-173-random-projection-based-dimensionality-reduction-method-fo.md,papers/raw/pending-references/pending-ref-173-2015-random-projection-based-dimensionality-reduction-method-for-hyperspectral-target-dete.pdf,True,8,8,0,0,0,0,0,0
papers/notes/pending-ref-175-ilamp-exploring-highdimensional-spacing-through-backward-m.md,papers/raw/pending-references/pending-ref-175-2012-ilamp-exploring-highdimensional-spacing-through-backward-multidimensional-projection.pdf,True,8,8,0,0,0,0,0,0
papers/notes/pending-ref-176-learning-linear-discriminant-projections-for-dimensionalit.md,papers/raw/pending-references/pending-ref-176-2011-learning-linear-discriminant-projections-for-dimensionality-reduction-of-image-descri.pdf,True,8,8,0,0,0,0,0,0
papers/notes/pending-ref-177-maximal-linear-embedding-for-dimensionality-reduction.md,papers/raw/pending-references/pending-ref-177-2011-maximal-linear-embedding-for-dimensionality-reduction.pdf,True,8,7,0,1,0,0,0,0
papers/notes/pending-ref-181-data-visualization-and-dimensionality-reduction-using-kern.md,papers/raw/pending-references/pending-ref-181-2007-data-visualization-and-dimensionality-reduction-using-kernel-maps-with-a-reference-po.pdf,True,8,8,0,0,0,0,0,0
papers/notes/pending-ref-183-vizrank-data-visualization-guided-by-machine-learning.md,papers/raw/pending-references/pending-ref-183-2006-vizrank-data-visualization-guided-by-machine-learning.pdf,True,8,8,0,0,0,0,0,0
papers/notes/pending-ref-184-principal-manifolds-and-nonlinear-dimensionality-reduction.md,papers/raw/pending-references/pending-ref-184-2004-principal-manifolds-and-nonlinear-dimensionality-reduction-via-tangent-space-alignmen.pdf,True,8,8,0,0,0,0,0,0
papers/notes/pending-ref-186-a-survey-of-dimension-reduction-techniques-lawrence-liverm.md,papers/raw/pending-references/pending-ref-186-2002-a-survey-of-dimension-reduction-techniques-lawrence-livermore-natl.pdf,True,8,8,0,0,0,0,0,0
papers/notes/zadu-ref-01-1-s2-0-s0893608006000724-main.md,papers/raw/zadu-table1-references/1-s2.0-S0893608006000724-main.pdf,True,14,14,0,0,0,0,0,0
papers/notes/zadu-ref-02-1-s2-0-s0925231209000101-main.md,papers/raw/zadu-table1-references/1-s2.0-S0925231209000101-main.pdf,True,14,14,0,0,0,0,0,0
papers/notes/zadu-ref-03-2408-07724v2.md,papers/raw/zadu-table1-references/2408.07724v2.pdf,True,12,12,0,0,0,0,0,0
papers/notes/zadu-ref-04-2510-08660v1.md,papers/raw/zadu-table1-references/2510.08660v1.pdf,True,14,14,0,0,0,0,0,0
papers/notes/zadu-ref-05-computer-graphics-forum-2009-sips-selecting-good-views-of-high-e2-80-90dimension.md,papers/raw/zadu-table1-references/Computer Graphics Forum - 2009 - Sips - Selecting good views of high%E2%80%90dimensional data using class consistency.pdf,True,14,14,0,0,0,0,0,0
papers/notes/zadu-ref-06-least-square-projection-a-fast-high-precision-multidimensional-projection-techni.md,papers/raw/zadu-table1-references/Least_Square_Projection_A_Fast_High-Precision_Multidimensional_Projection_Technique_and_Its_Application_to_Document_Mapping.pdf,True,14,14,0,0,0,0,0,0
papers/notes/zadu-ref-07-local-multidimensional-scaling-for-nonlinear-dimension-reduction-graph-drawing-a.md,papers/raw/zadu-table1-references/Local Multidimensional Scaling for Nonlinear Dimension Reduction  Graph Drawing  and Proximity Analysis.pdf,True,12,12,0,0,0,0,0,0
papers/notes/zadu-ref-08-local-affine-multidimensional-projection-1.md,papers/raw/zadu-table1-references/Local_Affine_Multidimensional_Projection (1).pdf,True,12,12,0,0,0,0,0,0
papers/notes/zadu-ref-09-supervised-nonlinear-dimensionality-reduction-for-visualization-and-classificati.md,papers/raw/zadu-table1-references/Supervised_nonlinear_dimensionality_reduction_for_visualization_and_classification.pdf,True,12,12,0,0,0,0,0,0
papers/notes/zadu-ref-10-download-2.md,papers/raw/zadu-table1-references/download (2).pdf,True,12,11,0,1,0,0,0,0
papers/notes/zadu-ref-11-jeon23tvcg-4.md,papers/raw/zadu-table1-references/jeon23tvcg (4).pdf,True,12,10,0,2,0,0,0,0
papers/notes/zadu-ref-12-kruskal-1964a.md,papers/raw/zadu-table1-references/kruskal_1964a.pdf,True,14,13,0,1,0,0,0,0
papers/notes/zadu-ref-13-ref03-geometric-inference-for-probability-measures.md,papers/raw/zadu-table1-references/ref03_geometric_inference_for_probability_measures.pdf,True,12,11,0,1,0,0,0,0
papers/notes/zadu-ref-14-ref06-steering-distortions-to-preserve-classes-and-neighbors-in-supervised-dimen.md,papers/raw/zadu-table1-references/ref06_steering_distortions_to_preserve_classes_and_neighbors_in_supervised_dimensionality_reduct.pdf,True,12,12,0,0,0,0,0,0
papers/notes/zadu-ref-15-ref10-feature-learning-for-nonlinear-dimensionality-reduction-toward-maximal-ext.md,papers/raw/zadu-table1-references/ref10_feature_learning_for_nonlinear_dimensionality_reduction_toward_maximal_extraction_of_hid.pdf,True,14,14,0,0,0,0,0,0
papers/notes/zadu-ref-16-ref12-local-procrustes-for-manifold-embedding-a-measure-of-embedding-quality-and.md,papers/raw/zadu-table1-references/ref12_local_procrustes_for_manifold_embedding_a_measure_of_embedding_quality_and_embedding_algor.pdf,True,12,11,0,1,0,0,0,0
papers/notes/zadu-ref-17-ref13-stochastic-neighbor-embedding.md,papers/raw/zadu-table1-references/ref13_stochastic_neighbor_embedding.pdf,True,12,12,0,0,0,0,0,0
papers/notes/zadu-ref-18-ref18-measuring-and-explaining-the-inter-cluster-reliability-of-multidimensional.md,papers/raw/zadu-table1-references/ref18_measuring_and_explaining_the_inter_cluster_reliability_of_multidimensional_projections.pdf,True,12,12,0,0,0,0,0,0
papers/notes/zadu-ref-19-ref42-a-comparison-for-dimensionality-reduction-methods-of-single-cell-rna-seq-d.md,papers/raw/zadu-table1-references/ref42_a_comparison_for_dimensionality_reduction_methods_of_single_cell_rna_seq_data.pdf,True,14,14,0,0,0,0,0,0
